510,24,72,20
343,33,160,29
97,17,161,23
709,37,355,14
301,10,685,15
163,34,164,30
94,51,266,31
246,16,46,9
249,13,49,36
415,37,67,64
699,19,80,23
509,39,113,14
675,42,130,0
393,52,159,41
627,41,166,28
427,29,177,13
60,35,206,3
611,10,364,56
498,21,396,49
537,31,425,21
122,17,466,24
514,2,527,55
605,34,649,0
599,34,651,20
419,8,746,7
135,34,23,0
586,0,31,46
385,0,35,48
722,10,47,28
170,0,50,42
677,24,57,38
188,49,79,14
279,52,103,45
276,13,109,56
518,3,114,49
567,0,124,66
632,7,129,28
346,24,132,41
145,21,143,57
359,21,154,24
172,14,171,56
316,29,174,50
452,14,178,21
727,38,191,21
441,41,203,14
580,10,209,6
488,0,211,41
289,34,219,13
417,10,223,22
160,7,239,28
678,24,245,44
645,7,248,45
543,11,268,13
424,17,282,20
458,12,299,31
708,29,303,45
125,21,340,20
116,26,341,49
663,14,352,70
648,23,362,9
22,19,378,33
642,24,383,23
504,7,399,28
55,28,401,25
500,23,404,30
711,24,403,41
402,35,408,7
591,0,418,57
446,21,420,44
576,21,451,48
743,14,462,48
717,23,467,24
32,56,442,59
187,28,503,42
97,34,510,41
115,34,511,27
14,14,534,7
367,7,556,77
571,49,597,13
465,9,618,13
194,35,547,49
406,38,548,42
581,21,549,17
24,13,629,20
755,21,631,7
693,13,658,10
297,13,665,63
589,0,680,24
714,6,681,45
574,13,687,10
595,16,697,38
656,3,698,7
470,19,704,38
530,14,728,46
405,0,750,68
184,10,760,45
646,31,30,10
480,7,53,55
215,27,54,20
9,22,89,16
325,24,110,10
144,7,141,44
81,24,162,28
413,14,193,61
51,31,242,21
232,13,391,28
694,37,356,34
662,40,435,9
93,27,447,30
3,30,506,28
12,18,553,34
730,26,593,10
308,13,612,26
463,28,616,42
434,0,604,28
71,24,617,20
139,7,621,33
34,28,628,13
173,21,715,14
456,21,734,34
438,29,741,22
554,39,757,3
70,34,2,33
1,21,4,37
683,24,5,47
582,6,6,52
696,41,11,34
281,28,15,35
643,44,17,21
610,47,18,24
566,16,19,9
83,18,26,16
471,13,28,44
349,20,29,21
320,21,36,45
134,19,37,13
476,34,40,37
719,45,44,0
258,28,45,38
159,27,49,89
345,3,58,5
46,6,60,58
718,31,61,24
373,33,62,34
679,13,64,23
161,32,67,34
324,47,69,27
748,20,73,49
243,17,75,14
561,50,77,48
309,27,80,21
272,41,84,35
386,20,86,41
502,26,90,29
72,7,96,59
706,41,100,34
426,24,101,27
328,27,102,24
41,11,104,51
126,17,105,45
513,20,106,7
377,21,108,28
575,0,111,38
260,13,119,35
224,10,120,17
315,7,122,57
659,36,133,13
671,20,137,35
427,26,140,13
721,25,147,32
532,30,148,40
605,7,150,23
370,0,153,17
625,21,164,35
117,19,168,31
525,51,176,0
685,13,177,38
230,21,179,45
163,42,180,45
523,38,181,35
66,53,182,70
461,6,183,49
590,28,185,18
725,7,186,52
587,40,195,45
431,19,198,13
235,31,201,6
127,14,210,13
202,38,212,39
552,19,213,37
151,31,214,14
375,7,216,24
584,30,218,38
204,21,226,32
644,39,227,43
333,6,228,30
236,10,231,31
564,43,233,6
583,9,234,31
670,35,237,0
167,14,238,38
459,24,240,33
560,0,241,54
82,38,244,22
419,28,246,3
113,17,249,36
400,40,251,21
607,69,252,14
305,31,253,26
250,0,254,69
158,9,257,29
494,7,262,38
63,3,265,42
157,30,267,28
42,23,269,55
292,24,270,30
421,44,274,3
493,23,275,33
546,27,278,21
569,3,283,47
439,3,284,52
686,13,286,50
623,31,288,22
91,25,291,41
389,21,293,45
474,25,294,20
155,51,295,21
676,9,296,14
430,7,300,80
152,13,301,30
486,29,306,36
528,6,307,55
189,20,311,17
585,44,313,35
166,59,314,0
562,17,317,21
205,21,319,14
475,38,326,35
56,20,327,34
136,38,329,14
635,6,330,44
422,23,334,21
690,34,335,9
331,23,339,13
355,17,343,63
200,28,347,27
280,52,348,49
74,45,350,10
588,21,351,38
668,45,353,14
620,24,354,27
99,23,358,30
545,35,360,28
627,33,361,39
175,34,365,21
87,26,366,10
363,20,369,7
492,0,371,56
277,13,372,52
88,33,376,42
626,3,380,33
542,17,382,35
25,20,387,24
217,3,388,70
266,3,390,63
700,7,392,33
746,21,393,22
7,0,394,55
65,0,396,26
682,40,409,6
514,16,411,28
573,21,412,20
48,14,416,62
600,31,423,41
318,35,429,50
273,51,432,24
501,0,433,62
39,21,437,10
222,16,443,52
229,10,444,43
381,29,445,34
221,42,454,28
596,0,460,62
21,13,468,41
544,34,469,21
537,27,472,56
729,22,477,21
614,28,478,21
38,0,479,14
710,28,481,3
524,31,482,17
123,17,484,44
78,10,490,77
638,56,491,54
541,7,495,61
599,58,498,14
660,28,499,53
312,13,507,33
206,10,509,42
688,7,512,28
118,26,516,43
332,10,519,17
323,29,521,31
192,24,522,45
130,0,527,73
742,21,529,35
464,35,533,21
357,27,536,21
285,14,538,13
732,38,550,30
485,21,555,59
731,0,557,27
448,0,558,31
338,35,563,6
695,12,565,27
342,16,568,31
449,28,572,31
744,41,578,64
647,20,579,56
261,26,592,3
149,35,594,16
497,10,601,52
608,7,602,49
197,31,603,30
672,37,606,14
598,35,611,42
551,18,615,14
577,41,624,59
33,0,630,44
661,24,634,31
190,44,636,20
613,17,639,69
619,6,640,27
8,13,641,26
753,21,651,55
526,27,652,34
43,17,653,57
397,31,654,19
559,10,657,45
453,22,666,38
609,42,667,6
302,14,669,33
570,30,673,45
450,3,674,51
10,7,684,16
531,37,689,20
337,13,691,36
321,14,692,12
649,0,699,42
675,21,701,27
756,20,703,58
540,13,705,48
196,45,707,42
440,17,712,16
107,3,720,23
414,11,723,26
208,30,724,20
263,31,726,35
142,34,733,14
255,35,735,6
271,0,736,40
59,7,737,26
112,50,739,49
539,19,740,14
16,13,745,43
304,28,749,38
664,20,751,17
322,14,752,16
98,0,754,34
473,34,758,40
310,7,128,26
225,21,398,34
199,12,457,20
259,21,496,54
637,25,517,29
483,47,633,50
410,34,220,45
223,17,115,34
511,45,116,31
565,38,123,22
510,14,192,55
203,34,446,7
341,31,470,35
288,21,480,18
704,7,441,41
409,7,173,49
428,25,207,15
372,41,219,14
23,7,456,22
36,59,504,16
617,27,583,31
374,28,545,24
352,62,621,28
757,7,694,41
472,55,1,52
242,14,4,48
728,10,6,38
616,31,12,26
8,18,13,21
84,49,16,0
119,56,21,14
496,7,24,31
247,21,26,31
639,55,28,68
549,28,32,35
485,20,33,16
530,14,34,31
710,25,35,36
30,14,37,51
112,45,39,17
347,9,41,14
278,17,42,19
631,41,43,7
509,30,46,28
533,48,48,6
544,13,53,40
319,32,56,42
338,19,58,13
606,14,59,34
104,40,66,34
132,20,71,35
707,28,74,31
375,7,75,26
304,0,77,52
465,26,78,27
310,15,81,14
644,41,82,17
602,40,88,17
227,14,91,59
557,16,93,38
675,47,97,40
327,42,99,21
751,23,107,17
556,35,109,29
133,20,117,13
518,0,124,34
95,79,125,3
96,47,127,14
336,3,131,35
653,24,134,30
384,31,135,27
217,10,136,49
283,7,141,56
120,33,142,47
641,14,144,23
722,26,145,10
38,14,151,24
667,7,152,25
137,63,155,6
226,21,157,49
479,21,158,0
113,53,159,35
130,7,161,42
594,48,163,62
534,0,168,13
274,6,170,18
422,34,172,20
622,40,174,28
437,13,169,44
478,13,177,42
578,31,178,27
381,13,180,27
698,24,183,14
87,19,184,30
462,30,186,33
268,34,187,7
290,73,188,42
546,23,190,85
731,16,194,37
79,14,202,28
272,42,204,20
369,7,205,38
249,35,206,17
147,0,208,28
72,13,209,28
488,49,213,37
106,3,215,34
313,7,216,45
122,8,220,52
411,0,221,41
199,21,222,83
70,39,224,36
550,3,229,31
605,41,230,28
185,0,233,30
64,0,236,21
455,24,240,26
383,10,243,35
326,7,248,55
25,42,250,22
649,27,252,21
387,32,254,47
671,21,255,24
358,7,257,21
128,45,258,27
743,24,259,14
373,38,260,0
632,36,266,41
700,10,270,28
329,0,275,42
637,20,276,24
47,38,279,27
69,28,280,49
459,48,284,23
570,25,285,23
51,20,289,30
364,38,292,16
294,3,293,42
735,24,295,7
110,21,300,56
164,55,301,17
176,21,305,42
491,37,307,21
699,18,309,28
514,3,311,49
460,39,312,36
527,43,314,7
167,35,316,21
486,16,317,45
385,23,320,19
171,24,325,6
62,52,324,37
225,7,330,10
63,7,331,30
214,5,332,14
741,20,333,38
467,45,335,0
298,7,337,55
339,23,340,33
498,25,342,0
239,35,343,49
121,14,344,48
449,20,321,43
198,28,345,31
197,44,346,38
575,24,349,53
380,22,350,30
299,13,322,34
318,41,354,28
269,49,355,14
608,37,357,28
18,31,362,20
536,34,363,6
238,20,366,17
567,21,367,28
432,0,368,62
40,63,370,0
721,15,378,16
19,13,386,16
218,10,388,38
191,21,389,17
111,14,390,51
211,30,392,28
246,18,393,37
720,29,398,0
561,38,399,24
538,26,400,14
652,20,401,24
57,45,402,17
291,28,404,58
153,41,405,18
750,31,406,34
251,28,407,33
755,13,410,38
574,14,412,27
7,35,413,16
193,21,414,61
568,38,415,10
420,51,417,14
60,10,419,16
54,17,356,10
702,22,421,29
86,24,424,27
425,10,426,35
195,35,427,23
377,27,429,55
683,17,430,13
315,3,431,14
228,19,438,35
418,28,439,22
154,24,443,28
758,17,444,52
287,17,445,13
273,28,448,39
143,54,452,14
451,31,453,32
692,22,454,42
436,45,463,10
713,21,464,38
196,44,466,50
396,42,468,24
68,20,469,41
423,20,474,14
22,47,475,41
548,35,476,51
286,9,477,7
447,10,483,39
521,49,487,42
657,3,490,48
351,17,493,59
31,15,494,19
114,30,495,27
200,13,497,27
689,26,499,44
150,34,501,23
92,14,505,17
182,28,506,24
507,39,512,42
435,28,513,30
529,23,515,20
80,0,519,29
129,38,522,20
376,7,523,64
45,10,525,44
9,35,528,7
457,0,531,34
108,27,535,14
101,20,537,21
15,33,524,17
277,14,540,52
686,14,551,42
481,14,552,20
94,40,558,45
516,35,559,66
503,38,543,45
708,21,562,17
212,33,564,53
234,24,566,20
403,21,571,42
241,24,573,9
714,49,576,52
181,28,577,56
473,17,579,48
442,14,581,33
681,7,582,45
542,22,584,30
560,0,585,56
262,63,586,7
541,23,589,28
379,17,592,24
601,35,593,21
61,35,595,21
103,48,596,14
627,6,599,37
14,6,603,13
482,0,604,52
353,46,607,40
673,17,609,57
44,3,611,46
717,24,613,30
701,15,615,30
303,41,620,7
569,7,623,68
547,31,626,28
29,41,624,38
618,0,628,38
691,24,629,45
297,26,630,40
666,7,633,41
517,0,634,67
348,49,635,18
371,56,636,21
27,34,640,49
232,14,642,19
610,32,643,30
166,17,645,20
359,3,646,45
600,28,647,35
73,37,648,31
361,3,654,35
588,21,656,66
10,18,659,28
587,35,660,52
665,21,661,42
263,48,662,41
201,14,663,47
210,28,664,50
726,13,676,28
597,27,677,20
724,37,678,24
244,42,679,17
83,19,680,20
489,30,682,34
532,14,668,65
598,7,670,26
11,13,672,50
55,13,674,59
265,35,685,32
394,24,687,47
334,21,688,26
658,10,690,24
484,35,693,29
149,0,697,38
253,13,703,65
282,14,705,59
619,48,709,27
408,20,711,14
231,7,715,43
572,36,718,28
416,28,719,45
760,21,723,38
235,14,725,44
471,20,727,34
461,21,729,70
734,7,730,55
118,41,732,20
2,25,733,56
712,7,736,28
306,6,737,60
739,60,738,0
140,42,742,12
179,23,744,12
49,41,746,7
563,7,749,56
5,10,752,54
17,40,756,49
245,31,695,28
33,45,13,43
275,40,129,16
208,21,721,20
583,13,36,35
386,22,61,41
740,40,207,7
226,14,215,0
528,21,264,51
450,7,310,16
53,38,530,10
745,0,539,31
384,16,545,20
28,32,641,28
30,20,681,34
224,21,2,16
517,41,7,20
273,28,9,45
354,3,12,17
535,55,16,27
504,0,19,3
388,45,24,10
82,23,25,26
266,28,26,47
638,3,29,42
32,31,31,38
213,3,35,35
634,29,37,16
102,14,39,41
405,3,40,56
648,55,41,27
738,17,42,30
324,54,44,17
254,30,45,28
192,14,51,41
456,16,54,13
711,17,57,45
3,28,59,35
393,14,60,24
65,26,63,9
152,21,66,13
630,31,68,24
178,14,70,20
343,62,72,23
437,6,73,16
394,41,78,21
749,34,79,7
396,38,80,3
661,17,83,14
85,35,86,27
156,24,87,16
15,34,90,10
742,28,92,24
633,43,94,50
399,0,95,61
518,31,96,14
712,23,100,35
737,19,104,14
554,49,106,19
103,20,107,40
480,10,109,24
77,35,110,44
372,30,111,24
88,0,112,33
746,34,113,21
665,21,114,44
58,42,117,6
47,27,118,17
733,24,120,15
290,55,125,0
401,16,126,35
719,28,127,35
715,28,128,42
239,35,130,7
575,0,134,59
108,37,135,35
347,10,137,45
142,41,143,40
472,21,144,47
578,10,145,37
600,13,146,9
678,21,147,15
274,57,148,28
568,0,149,41
478,7,150,9
18,31,151,28
406,52,153,49
689,10,154,13
327,55,155,13
601,31,157,24
161,14,160,17
23,3,162,42
699,14,163,36
179,61,164,34
448,21,165,22
316,7,166,41
345,12,167,38
227,41,170,6
620,31,176,24
433,87,180,14
378,16,181,28
570,20,182,41
168,20,184,34
21,31,185,14
725,31,189,34
592,23,190,33
622,49,194,10
140,20,195,7
474,30,196,34
718,51,197,54
431,30,199,35
468,10,200,42
210,3,201,26
417,21,203,49
604,38,204,0
159,13,206,59
314,6,209,31
258,20,212,42
669,68,214,7
469,0,216,32
116,20,223,34
133,31,225,37
679,12,228,34
590,7,231,24
124,21,232,14
71,27,234,30
642,31,235,24
351,21,241,23
687,7,243,38
305,41,244,35
123,28,245,35
49,44,246,15
475,24,248,50
46,7,249,61
233,6,250,21
295,40,251,37
56,72,252,17
105,55,253,0
38,13,255,35
538,31,260,13
581,14,262,35
84,38,263,35
301,34,265,44
489,14,267,45
442,23,268,62
317,7,271,45
296,3,272,23
1,24,276,27
259,34,277,7
55,21,280,65
729,34,284,10
358,45,285,35
191,24,286,21
464,34,287,7
466,23,293,21
247,35,297,14
198,7,298,41
136,26,299,27
50,10,302,17
429,21,303,29
218,7,308,63
422,7,312,27
453,42,313,62
690,20,315,7
173,49,318,14
606,50,319,3
739,48,323,42
11,38,328,40
555,44,329,31
330,46,331,44
658,3,335,31
515,21,336,17
367,42,338,39
523,40,339,14
594,24,342,19
572,59,346,23
636,28,348,58
573,23,350,28
220,20,352,63
412,20,322,23
735,10,357,17
484,49,361,21
533,7,364,45
5,65,368,38
158,32,369,0
344,27,371,66
202,36,373,43
360,42,374,35
219,13,375,21
673,23,376,13
438,42,377,13
635,6,379,63
613,31,380,28
591,20,381,27
307,7,382,43
631,27,383,34
188,34,385,31
728,31,389,24
141,28,390,45
677,21,403,23
571,41,408,14
6,48,410,43
717,38,411,13
240,28,414,27
598,38,415,14
654,44,416,20
115,38,420,34
524,31,356,10
532,0,421,28
732,0,424,55
101,14,425,28
537,12,426,48
340,6,430,56
682,28,434,21
365,0,436,56
98,34,440,16
499,32,444,35
702,38,445,28
89,14,447,38
595,21,449,52
288,28,455,35
684,19,458,44
300,28,459,56
596,7,461,65
496,22,462,49
576,44,465,47
454,29,467,28
452,3,471,73
558,42,473,28
183,13,477,24
407,0,479,17
211,27,481,26
694,40,482,17
391,36,483,28
446,14,441,52
175,54,486,7
506,45,487,22
392,17,488,10
754,33,492,7
490,45,493,24
543,42,494,22
512,38,495,45
283,7,500,37
549,28,503,48
628,27,507,34
334,49,508,28
419,21,509,17
67,24,510,21
470,37,511,38
325,31,520,35
387,16,525,34
237,22,526,31
62,34,529,10
306,55,536,19
451,28,540,37
366,6,551,31
428,20,553,40
680,34,559,17
291,27,542,24
320,22,561,44
69,21,562,16
664,38,563,19
463,31,564,13
693,13,565,64
132,17,566,41
221,40,567,0
279,56,569,24
337,14,544,29
186,15,574,20
93,38,577,31
10,24,580,2
439,17,584,50
653,37,585,31
187,23,586,6
427,20,587,24
8,6,588,64
435,0,593,32
402,45,597,12
607,0,602,44
205,6,608,47
99,10,609,62
236,21,610,28
582,10,612,27
309,12,614,43
333,13,616,24
321,51,617,20
531,14,618,42
27,30,619,27
261,61,546,24
292,37,547,41
370,23,548,47
579,45,621,20
501,25,625,44
397,32,623,30
22,5,626,35
91,27,627,14
294,20,624,41
491,19,629,28
48,6,632,84
413,0,637,31
349,45,639,59
64,47,643,57
703,9,644,35
270,20,645,37
229,17,646,52
363,14,649,33
505,3,652,9
443,21,656,14
460,21,657,58
217,17,659,20
734,21,662,41
193,37,663,19
730,32,676,16
34,66,666,14
651,24,686,49
647,21,688,40
75,0,691,49
17,7,696,59
171,21,698,38
552,27,700,17
341,29,704,34
516,3,705,41
131,31,708,28
119,39,706,28
282,6,707,56
278,37,709,40
326,7,710,50
611,31,713,36
550,7,714,14
174,24,720,34
695,35,724,14
513,27,726,19
485,21,731,44
409,23,741,46
457,10,743,35
603,31,744,26
502,52,748,7
476,7,750,26
692,37,751,14
242,17,752,23
497,30,753,7
304,0,755,59
169,35,756,24
81,34,757,14
660,22,758,45
139,55,759,13
534,6,760,38
722,48,640,14
208,16,14,3
724,7,123,26
134,26,243,7
215,25,81,34
758,24,193,27
624,33,544,3
19,20,583,21
582,27,680,31
120,30,2,31
672,44,3,19
24,45,5,38
312,0,6,48
588,59,7,31
637,31,8,27
600,9,9,20
720,27,10,23
296,6,15,20
256,0,20,34
260,49,21,25
194,25,22,14
705,35,26,28
94,41,28,51
109,28,30,23
262,57,32,7
297,32,33,20
322,13,37,18
99,17,38,49
569,14,47,64
355,21,48,34
60,7,49,60
436,49,50,7
495,24,53,35
155,46,56,41
225,14,58,28
562,3,62,41
736,38,64,9
314,28,67,35
706,36,69,21
97,48,72,34
697,10,75,42
25,7,79,38
601,42,84,38
264,32,85,22
110,25,86,45
683,23,87,17
570,17,88,9
34,20,89,23
434,24,90,40
423,41,93,42
91,27,96,33
748,21,98,35
587,34,101,14
668,41,102,7
367,27,103,52
39,24,104,27
246,28,113,27
203,37,115,31
420,21,116,31
315,17,117,14
178,18,118,40
126,27,119,49
652,17,121,19
556,21,124,41
71,54,125,14
389,20,129,27
44,13,133,37
232,21,136,41
537,20,140,7
452,6,145,61
651,24,149,41
621,31,154,24
759,13,156,27
46,55,159,60
301,17,163,36
27,7,166,20
538,23,170,15
12,20,173,17
567,7,174,47
756,7,175,45
271,17,169,66
519,36,177,55
150,7,179,27
430,28,181,30
311,36,184,28
494,36,187,34
43,35,191,56
426,37,195,24
290,56,197,28
514,23,198,20
456,0,204,37
357,13,205,28
692,22,210,16
35,39,211,31
575,48,217,14
51,31,218,27
111,53,219,14
508,17,222,31
142,34,224,28
726,17,226,23
73,38,227,44
657,48,229,41
643,27,236,35
146,14,238,17
209,21,239,35
13,18,247,43
255,40,257,42
636,38,261,48
164,39,265,20
392,24,270,51
676,23,272,27
165,35,273,10
555,52,276,16
732,48,279,42
16,0,281,35
550,34,283,42
380,42,288,35
698,33,289,28
286,31,291,34
559,10,294,44
267,14,302,42
199,28,304,31
228,45,305,22
418,0,308,35
591,13,309,63
574,10,313,17
292,37,316,7
17,7,317,31
333,17,318,21
688,31,325,14
213,58,326,13
421,52,327,6
670,56,328,0
285,40,332,15
520,28,334,42
338,31,335,13
299,48,337,19
511,50,341,19
130,0,343,84
61,24,321,27
127,41,345,13
112,42,347,34
182,30,353,17
252,0,358,34
300,31,359,20
356,30,360,13
148,42,363,10
352,59,368,28
750,51,370,0
757,14,374,32
412,47,375,35
649,6,376,35
679,27,377,30
744,14,378,28
78,3,382,77
535,7,384,55
132,35,385,34
36,55,386,23
507,10,390,49
752,30,391,6
509,21,393,17
349,34,394,38
76,3,395,40
180,33,396,41
320,41,399,13
269,42,401,14
403,14,402,28
144,24,404,31
548,47,405,13
40,38,406,41
295,27,407,28
354,28,409,24
240,14,410,45
160,26,411,27
517,56,413,21
172,0,414,79
364,70,415,10
441,45,417,21
249,29,419,28
122,35,422,7
465,17,424,15
425,6,427,50
539,14,428,21
176,10,429,24
398,31,431,7
277,24,432,28
362,19,437,38
303,30,438,24
542,17,439,16
365,10,440,28
137,48,445,17
704,47,446,44
128,17,450,0
461,34,457,31
512,36,459,37
400,7,464,42
287,45,468,10
223,34,470,7
196,50,471,35
727,28,473,23
481,24,475,29
153,7,476,31
444,24,477,13
80,6,478,42
369,20,479,38
183,38,483,35
565,38,484,17
503,42,442,34
492,29,486,16
235,21,491,37
641,19,496,33
141,41,499,38
74,38,500,24
63,25,501,46
489,16,502,10
449,48,504,21
527,62,510,7
662,14,513,30
221,28,518,7
447,14,522,24
547,37,523,20
448,39,528,17
469,42,530,35
139,31,531,38
319,19,532,33
361,19,534,21
604,20,524,14
293,14,540,7
488,21,552,10
135,10,554,48
168,22,557,34
68,10,560,16
480,24,541,34
586,14,543,45
95,59,561,17
77,55,563,13
188,14,566,31
611,29,568,30
57,36,571,37
234,13,572,34
455,40,573,41
70,17,578,46
220,55,579,35
701,44,580,52
31,21,581,28
516,31,589,45
553,35,590,0
694,23,593,28
617,45,595,34
340,31,596,35
533,38,598,35
342,7,599,63
609,33,602,21
416,54,603,21
625,31,605,10
66,44,607,7
158,13,608,49
253,32,610,57
1,30,613,41
298,24,615,7
207,15,616,54
551,38,618,10
244,40,620,55
42,17,546,23
268,45,549,17
623,36,622,38
498,21,627,34
663,20,628,48
216,28,629,38
631,23,632,44
29,24,634,45
275,64,638,3
731,68,640,17
100,16,644,20
52,7,650,38
453,6,653,52
339,0,654,37
716,14,655,17
350,39,656,41
454,37,658,10
330,7,659,38
714,38,660,35
612,22,661,13
467,35,664,49
161,45,675,49
282,33,665,30
408,7,677,35
721,21,678,8
4,27,681,20
585,34,666,7
157,13,682,24
592,22,671,42
433,21,674,35
719,28,684,40
699,7,685,36
167,20,686,24
114,35,689,49
186,17,691,54
245,17,693,26
248,38,700,0
214,0,702,56
713,20,709,31
645,21,710,35
597,22,711,23
105,35,712,7
458,45,717,7
346,7,718,37
626,25,722,37
83,32,723,35
687,31,728,30
241,31,729,49
162,28,730,59
143,31,733,45
251,14,735,35
200,6,737,10
741,23,740,25
201,27,743,10
310,24,745,13
206,10,746,21
138,9,747,7
107,48,749,26
690,14,751,35
667,40,753,14
696,14,754,24
189,0,755,31
147,20,695,17
381,7,65,10
614,38,230,42
485,24,397,42
411,31,174,61
154,14,275,42
259,9,460,31
717,43,567,28
307,19,639,55
695,24,721,28
646,53,83,55
508,37,165,24
238,17,264,31
525,24,564,19
612,6,705,44
202,23,708,49
109,58,1,27
443,14,4,28
313,6,6,34
33,21,8,41
398,33,10,35
3,28,11,21
318,7,12,27
225,9,14,33
25,24,16,8
486,21,17,26
242,3,24,17
331,10,27,34
13,10,29,52
268,27,31,20
494,27,32,31
321,19,36,18
351,7,37,58
200,14,39,3
571,35,40,20
439,45,43,17
746,65,46,30
473,31,51,24
190,60,55,47
536,15,59,67
113,27,60,50
504,0,61,28
605,34,63,33
501,10,65,0
602,42,66,27
461,31,68,14
452,10,70,36
399,15,71,29
681,10,74,21
89,3,75,35
20,31,76,10
210,3,77,37
193,28,78,25
180,38,80,10
258,35,82,45
557,44,91,10
323,13,92,45
680,23,94,28
572,26,95,52
209,69,97,51
257,31,99,34
64,26,100,49
104,38,102,14
335,20,103,17
610,28,105,53
23,13,106,23
182,35,112,17
729,49,114,10
279,31,120,27
515,35,121,7
69,34,126,38
304,14,127,47
579,45,129,20
67,48,130,14
738,13,131,45
197,62,132,14
431,36,133,37
352,36,134,42
360,30,135,36
122,59,136,58
702,34,137,37
395,35,138,14
156,39,139,38
500,6,141,47
145,19,142,20
758,38,144,17
520,48,146,13
123,36,147,23
711,45,153,10
735,35,158,7
510,0,160,21
554,47,162,14
615,31,167,27
181,10,168,35
492,14,175,21
317,35,169,48
228,20,176,10
733,20,178,28
689,34,183,20
170,59,185,28
111,47,186,29
125,12,188,54
124,37,189,7
722,30,194,39
660,30,196,63
563,21,199,28
688,42,201,7
116,21,203,35
678,14,208,48
211,20,213,17
374,30,215,0
560,14,217,19
218,31,219,33
459,37,220,35
341,6,223,37
143,45,224,35
311,52,232,42
54,42,233,18
385,38,234,35
58,0,235,45
739,28,237,23
629,34,240,31
388,35,243,21
377,23,244,38
484,34,245,28
206,24,246,14
393,28,249,56
212,30,250,0
205,27,251,13
712,14,253,10
108,0,254,59
152,46,255,21
437,42,260,6
503,20,262,24
619,29,261,53
157,50,263,47
447,17,266,38
440,24,267,27
119,28,269,35
696,45,271,21
384,35,272,38
497,15,274,13
653,34,282,13
252,14,285,50
737,48,287,24
391,21,289,24
561,39,290,47
418,45,291,24
477,38,293,31
53,45,294,42
479,25,295,18
682,14,296,23
413,14,297,16
184,54,298,35
171,20,300,43
305,17,303,52
18,56,306,26
231,25,310,18
5,31,312,27
239,31,314,7
117,7,316,21
718,14,320,20
273,38,325,28
45,65,324,62
151,7,328,16
541,14,329,38
56,22,332,36
173,48,333,0
534,7,337,41
749,45,338,26
330,9,339,12
751,51,340,10
675,17,343,53
336,7,344,59
566,38,346,16
88,34,347,24
278,7,348,35
666,7,349,28
414,7,322,42
445,27,353,24
740,24,354,21
546,42,355,48
407,10,357,31
86,31,359,35
227,41,362,27
50,56,365,62
96,7,366,24
608,62,369,19
57,52,370,3
379,3,371,66
522,7,372,50
656,31,375,24
455,13,380,38
309,49,381,25
373,52,387,13
491,17,389,7
752,7,390,14
552,17,392,16
179,30,396,20
468,17,400,23
597,28,405,7
403,34,406,42
616,48,409,0
382,28,410,48
744,0,416,26
159,30,419,49
470,14,420,45
204,21,356,9
155,14,421,57
222,41,422,42
589,20,423,43
686,26,430,29
172,17,432,20
150,13,433,55
15,49,434,24
284,16,444,31
417,24,446,14
743,12,448,21
583,20,449,38
559,41,451,48
350,31,453,37
107,14,454,35
730,56,456,27
277,33,457,28
720,23,458,24
698,16,462,33
280,31,463,41
93,24,465,31
286,10,466,31
367,21,467,56
394,30,469,13
471,18,472,21
584,21,474,42
700,14,475,54
408,28,476,41
265,16,478,48
326,14,481,44
435,15,482,14
115,17,441,42
187,26,442,42
248,24,488,21
436,38,489,21
540,0,490,58
622,35,485,13
633,31,495,49
98,42,502,41
506,16,505,27
404,26,507,29
49,42,509,21
368,27,512,43
701,38,514,7
283,20,516,45
247,36,517,16
742,63,521,24
487,29,526,63
72,3,527,64
85,13,528,28
647,28,531,31
358,16,532,8
498,14,533,42
524,51,535,13
21,10,538,44
128,7,539,10
424,38,550,41
450,6,553,41
613,28,555,63
755,26,556,28
191,14,542,21
529,36,562,21
118,55,569,6
558,24,573,42
634,24,574,13
727,14,577,52
2,35,578,62
586,20,581,37
28,20,582,41
530,28,585,44
140,27,587,31
715,63,590,9
230,35,591,7
651,28,594,38
19,30,595,10
149,24,598,21
364,35,599,21
361,10,600,52
90,24,601,28
523,13,603,31
593,14,604,42
327,21,606,35
38,7,609,55
166,20,611,7
386,6,617,31
281,33,545,12
438,33,620,30
378,7,547,35
677,41,548,59
543,33,549,37
483,50,621,33
614,42,625,45
22,22,623,21
640,20,626,48
415,43,627,42
493,52,624,46
544,20,628,45
632,30,630,34
192,30,631,33
48,35,635,26
7,31,637,34
288,17,638,48
703,62,643,14
35,32,645,35
148,19,648,62
519,58,649,2
292,17,654,24
52,7,655,12
79,14,658,21
664,16,659,21
26,24,661,45
226,34,662,35
496,52,663,17
229,20,665,45
429,33,679,32
672,28,667,19
671,14,668,35
673,17,669,45
674,30,670,24
315,10,684,48
177,34,685,7
216,13,687,6
345,0,690,47
596,21,692,50
383,33,683,30
551,20,697,45
163,37,699,13
511,45,704,27
62,10,706,34
499,33,707,51
270,30,710,41
256,6,716,34
221,39,719,42
308,16,723,17
693,39,724,37
642,37,725,14
81,20,726,14
276,3,728,50
397,43,731,22
47,31,732,2
513,13,734,14
644,45,736,35
207,32,741,28
428,13,745,18
650,38,747,13
302,67,748,7
402,31,750,34
41,48,753,13
754,41,756,13
676,14,694,21
334,63,759,35
576,20,760,30
198,7,580,51
241,26,30,27
77,21,127,14
324,35,250,26
728,52,349,55
628,27,382,34
457,0,460,35
642,38,467,14
133,27,567,23
147,19,693,30
36,42,61,7
134,56,75,10
662,19,81,27
448,13,201,10
74,49,451,21
375,16,496,36
544,40,657,43
199,38,690,44
329,38,1,10
145,56,2,12
328,21,3,28
389,13,5,35
13,42,7,19
531,36,9,30
274,35,18,19
617,0,19,19
73,62,21,22
485,9,22,31
545,22,23,0
661,20,28,23
6,49,29,30
481,7,35,45
602,49,38,0
148,26,41,28
701,20,44,14
709,26,48,20
747,17,52,29
482,22,54,13
606,68,56,28
476,28,57,31
126,21,62,28
105,37,64,14
269,47,69,17
142,34,70,48
655,41,76,21
103,47,79,0
615,31,85,21
312,44,89,20
366,30,91,21
515,31,92,27
290,28,95,31
489,58,98,21
66,56,99,8
338,6,107,0
708,23,108,22
51,21,114,24
446,16,115,36
441,56,116,10
401,21,119,40
178,44,120,27
721,40,123,23
383,31,124,52
346,51,125,12
112,30,137,33
716,37,138,6
101,28,140,25
47,23,143,27
681,24,144,31
80,0,150,56
59,51,151,49
609,23,152,20
129,9,154,20
285,38,155,37
90,39,157,21
60,45,159,14
343,41,161,27
430,27,168,51
359,28,171,21
259,27,172,17
164,42,180,37
445,23,182,42
34,6,183,13
549,41,187,7
630,34,191,35
542,16,192,31
646,35,193,20
472,31,196,49
234,17,197,41
102,34,200,45
564,36,202,33
527,62,209,13
354,21,207,24
710,37,213,21
325,34,222,58
733,13,224,6
315,26,225,10
734,28,226,30
185,7,227,40
309,45,230,42
745,0,231,23
556,38,232,21
518,3,235,24
520,31,238,17
72,7,239,28
638,21,242,41
211,23,248,35
158,33,251,34
319,37,252,6
650,37,256,6
607,16,257,34
254,15,258,21
156,13,264,29
396,36,265,22
262,35,268,3
175,33,271,19
87,21,273,20
422,59,277,27
371,59,278,10
118,42,279,17
212,27,280,48
233,16,281,50
522,34,284,31
760,20,286,6
39,6,287,42
555,63,288,48
378,24,292,34
608,45,295,7
263,27,296,50
631,21,299,40
743,24,300,31
519,34,301,25
365,7,302,42
624,24,307,23
639,38,308,44
416,16,311,49
687,13,313,20
160,28,314,16
409,35,318,42
71,24,320,34
526,49,323,14
488,45,326,7
532,29,327,51
58,18,330,19
740,34,333,6
139,31,334,45
664,36,335,20
237,52,336,13
603,27,339,17
420,37,341,29
415,14,342,7
595,20,321,63
261,42,348,21
282,34,351,31
635,21,355,35
332,7,358,17
14,35,361,16
170,20,362,14
627,14,364,48
454,35,367,21
463,17,373,31
726,37,374,35
685,21,376,15
190,67,379,31
449,45,386,14
220,20,388,19
83,31,391,14
20,26,395,27
117,0,398,36
188,38,399,23
153,10,402,45
405,12,403,41
293,14,404,7
369,7,407,31
406,38,408,7
719,42,411,28
37,38,412,14
704,45,417,13
466,27,418,3
413,7,423,67
471,20,424,14
195,52,425,31
427,20,426,35
590,0,428,17
179,7,433,69
106,26,435,14
267,14,436,50
538,27,437,45
502,30,440,17
275,40,443,46
229,22,447,27
578,44,452,17
613,28,455,35
691,34,459,3
217,13,461,17
483,3,462,10
464,35,468,14
368,21,469,38
203,47,470,27
357,38,479,14
316,7,480,49
724,21,484,48
131,45,487,28
289,17,490,38
78,24,491,30
317,17,492,25
581,52,494,7
294,31,495,38
306,6,497,35
651,24,498,27
705,70,499,21
94,44,500,47
381,52,501,55
31,49,503,17
583,35,504,16
344,48,506,10
372,14,507,38
110,16,508,28
223,54,511,41
243,34,512,37
8,17,517,24
82,0,525,21
706,56,529,35
600,24,534,10
604,48,535,13
753,45,536,21
587,35,537,34
553,30,539,34
272,17,524,21
390,78,540,0
465,40,550,7
475,13,552,41
167,3,557,52
665,7,558,26
266,34,559,17
380,24,541,31
442,34,543,55
132,23,561,27
210,7,563,6
245,7,565,38
599,24,568,22
353,24,570,17
548,28,571,48
385,25,572,37
474,25,576,28
186,22,579,38
141,17,582,21
577,45,584,39
32,17,586,31
660,3,589,24
625,42,591,14
42,7,592,37
370,7,597,41
594,14,598,35
434,31,601,49
65,10,605,17
149,21,611,25
707,42,612,16
63,6,614,56
55,36,619,52
27,29,546,22
654,26,547,16
397,26,622,25
731,41,626,44
43,31,632,45
493,45,633,40
629,38,634,45
652,28,636,38
194,34,640,3
585,32,641,55
253,20,644,70
618,27,647,20
11,16,648,35
214,20,649,36
431,19,659,28
67,43,675,27
593,17,676,3
750,27,677,13
130,7,678,54
26,23,680,36
219,35,666,21
84,35,682,28
667,21,671,41
670,47,672,31
668,42,673,6
669,14,674,17
720,27,684,38
181,35,686,21
528,0,688,35
340,6,692,39
189,7,683,37
486,0,696,51
146,15,697,13
621,9,698,28
177,49,699,20
645,35,700,7
347,30,702,38
100,52,703,55
40,44,711,31
236,9,712,10
516,10,714,14
450,0,715,41
174,42,717,54
566,15,718,31
623,51,722,34
755,31,725,19
291,35,727,36
473,30,729,45
569,7,732,33
205,27,735,18
610,22,736,37
400,19,737,35
121,34,738,10
521,32,739,56
505,30,742,10
523,55,744,14
50,28,748,17
658,0,749,19
169,10,754,21
215,14,757,17
384,45,694,44
208,31,695,17
4,26,758,35
165,13,759,21
663,28,218,23
751,15,304,14
596,38,345,37
240,28,574,14
24,24,350,0
123,13,208,21
14,19,245,7
422,13,518,17
595,14,36,39
412,21,83,28
303,45,176,10
558,17,229,3
183,14,352,24
382,24,656,14
274,25,3,7
729,41,5,0
413,24,8,56
497,31,11,14
207,7,12,59
637,20,13,23
157,28,15,41
90,27,16,0
169,69,17,21
41,14,18,38
61,5,19,3
138,0,20,41
482,28,23,7
582,48,26,14
635,7,27,57
410,30,29,34
573,7,30,17
187,14,31,55
7,40,33,7
325,7,34,62
402,42,40,35
636,17,42,13
580,62,44,19
250,6,45,52
279,13,47,45
46,7,49,52
440,14,50,13
716,28,52,7
307,7,53,49
379,56,55,7
408,28,57,52
328,32,59,29
591,20,63,28
255,17,66,32
460,52,68,35
718,27,71,7
260,18,73,28
144,23,74,28
690,37,77,38
513,23,81,29
564,34,82,10
296,28,84,42
139,27,87,7
353,24,88,48
51,31,89,21
67,59,97,53
436,45,98,0
287,62,102,10
643,21,105,48
281,43,106,21
258,33,108,28
697,25,110,21
628,26,111,25
419,40,113,13
330,10,117,27
732,0,118,35
452,0,120,73
529,26,126,33
692,21,127,54
428,21,128,28
92,34,131,0
95,48,132,20
58,14,133,27
462,17,134,24
162,54,135,56
28,16,141,40
178,38,142,31
578,28,143,56
224,12,145,33
484,14,147,10
536,14,148,35
599,44,149,6
257,14,152,34
677,41,153,21
551,31,156,24
407,17,158,27
314,7,161,52
685,41,163,22
150,30,164,52
647,17,165,20
91,20,167,17
21,13,170,20
217,41,172,27
741,10,173,52
719,51,174,55
754,21,175,24
301,13,177,41
265,19,179,27
478,64,180,16
557,38,181,7
137,23,182,12
534,24,184,31
437,61,185,7
320,49,188,30
232,52,189,7
371,59,190,22
626,26,194,16
104,37,200,28
525,20,202,27
341,28,203,35
295,15,205,29
393,52,206,21
343,21,209,14
304,21,210,37
475,23,211,45
373,42,212,19
270,28,213,46
726,14,215,17
414,14,216,40
698,6,220,17
225,14,221,48
759,37,222,44
377,7,228,25
435,13,233,12
561,12,234,34
136,17,235,7
100,29,236,10
521,10,237,44
334,35,238,3
687,17,240,16
241,24,243,35
654,3,248,41
246,14,249,38
736,52,253,23
708,48,254,34
76,25,256,26
432,12,259,21
543,17,262,63
278,15,261,54
665,41,266,38
32,17,268,45
62,24,269,14
264,17,273,27
657,31,275,38
455,33,276,30
575,14,277,9
324,13,280,55
453,23,282,55
584,28,286,31
444,27,289,22
572,19,290,48
576,33,291,30
588,28,297,24
168,36,298,16
43,14,299,34
679,27,305,38
648,42,306,17
625,42,309,45
715,48,310,17
337,36,311,21
398,24,315,28
696,24,317,3
285,35,319,28
487,56,323,57
35,63,326,6
480,31,329,32
48,32,331,33
606,62,332,0
79,17,338,28
199,33,340,23
742,0,344,40
563,12,345,23
399,17,346,29
638,34,351,40
585,10,322,45
327,35,358,14
251,46,357,59
9,16,359,20
204,35,360,14
342,0,364,66
748,23,365,66
107,33,367,22
218,21,368,27
735,48,369,0
404,31,372,10
734,21,374,24
349,56,375,28
699,28,376,35
603,16,378,20
109,35,380,0
230,21,381,19
725,24,383,38
524,13,384,16
197,45,385,16
459,20,388,13
312,14,389,18
477,54,391,40
728,44,394,43
433,34,396,17
22,21,397,28
39,35,400,43
69,28,401,41
597,41,403,38
370,26,405,13
476,19,406,39
684,42,411,41
339,16,416,65
115,56,417,7
727,38,418,35
511,55,420,47
252,0,421,63
550,7,423,68
101,15,426,34
140,20,427,30
620,35,429,34
366,44,430,41
10,26,431,21
263,43,434,41
244,7,438,43
632,38,439,31
112,43,445,17
116,32,446,47
300,42,448,39
231,34,450,7
4,40,451,45
103,19,454,34
567,0,458,45
560,3,461,33
737,25,464,35
589,23,465,45
577,19,466,17
283,7,471,52
114,34,473,28
612,17,483,10
470,29,441,74
756,34,486,30
481,28,488,35
302,20,489,16
193,27,491,20
271,21,492,28
722,42,485,14
308,17,493,38
442,55,494,42
415,20,498,34
680,19,500,14
267,38,502,45
581,37,503,40
386,35,504,21
739,45,505,41
336,0,506,55
146,10,508,35
130,0,510,59
713,28,514,14
738,21,515,35
93,55,516,35
214,0,519,74
85,7,520,31
293,49,522,35
292,20,523,33
121,13,526,31
160,27,527,44
641,14,530,13
688,0,531,23
56,24,532,14
651,27,533,34
425,13,537,21
362,9,538,44
284,24,540,7
456,14,554,52
1,21,555,48
683,21,556,55
447,10,559,14
125,0,566,76
154,27,579,42
321,30,583,23
549,35,586,14
195,39,587,29
539,17,590,7
535,47,593,70
611,31,594,38
166,21,598,24
86,3,600,38
99,0,602,62
501,13,605,14
38,27,607,9
479,14,608,7
541,58,613,34
65,56,614,70
686,21,615,18
449,17,617,21
528,3,618,14
348,14,619,21
54,13,545,40
711,41,548,39
691,17,621,31
640,7,623,56
568,14,627,21
6,49,629,10
192,28,630,35
191,30,631,24
294,6,633,27
723,48,639,17
124,14,642,22
392,17,645,24
78,35,646,42
655,28,650,36
592,48,652,0
242,21,653,31
467,31,658,7
472,21,660,34
219,27,663,26
316,20,664,43
239,35,675,12
695,21,678,20
601,6,682,23
674,32,668,22
671,14,670,45
669,13,672,3
667,7,673,30
512,45,689,31
570,6,702,20
64,36,703,37
223,24,704,30
562,6,706,34
661,21,707,27
546,14,709,24
700,14,710,47
644,40,712,7
424,27,714,45
717,31,720,7
693,28,721,27
565,70,724,24
356,0,730,37
622,38,731,24
70,0,733,27
616,45,740,21
171,17,743,24
547,51,744,28
553,77,745,19
509,9,746,13
395,49,747,23
335,6,749,49
571,41,750,30
596,10,751,45
490,30,752,23
151,14,753,26
662,42,757,26
474,10,760,14
83,27,74,28
262,35,187,7
695,7,189,38
548,20,402,35
653,28,573,21
388,16,691,37
499,49,94,52
244,14,303,54
559,3,558,42
184,10,600,14
579,30,628,46
508,42,759,7
288,27,1,52
306,13,3,31
266,34,4,27
634,14,6,33
133,7,10,17
11,14,18,37
622,62,22,14
282,19,24,37
707,37,28,32
503,26,32,34
469,35,34,18
29,3,37,56
152,43,38,13
464,42,39,21
652,38,42,17
383,41,43,34
419,38,46,27
502,33,50,30
5,35,51,25
358,21,56,14
431,10,58,13
617,7,61,27
591,14,65,10
209,24,67,13
529,50,69,16
145,49,70,14
188,14,71,35
130,7,72,28
362,6,73,34
621,28,75,20
650,38,76,7
389,40,78,26
454,34,79,7
202,42,82,33
157,19,84,21
156,21,85,28
697,17,86,27
325,17,87,42
182,45,88,37
682,26,90,13
168,31,91,16
660,16,93,21
234,14,95,35
615,30,96,24
607,32,99,25
643,33,100,49
537,14,101,28
400,22,102,10
749,29,103,16
287,19,104,14
236,14,105,16
545,31,106,32
329,12,109,22
702,37,112,51
704,27,115,29
417,42,116,63
562,10,119,49
323,7,121,30
518,3,122,38
678,35,123,34
683,13,124,30
186,19,129,31
110,25,136,33
256,7,138,27
587,41,140,44
2,42,142,63
165,7,146,9
627,14,149,34
396,14,150,20
148,48,151,38
111,24,154,16
319,24,155,28
205,17,158,3
97,40,160,46
360,41,162,42
478,27,164,44
523,10,166,14
618,28,171,3
17,28,175,42
492,37,169,15
163,12,177,31
143,62,178,27
278,14,190,76
439,40,191,38
299,24,192,7
48,0,194,62
427,13,195,21
127,21,199,40
531,35,201,7
730,20,204,7
113,28,206,30
318,52,207,13
326,10,211,42
363,22,214,27
259,14,217,31
349,44,219,24
238,14,222,17
420,27,223,35
731,14,224,52
117,28,225,30
538,23,227,22
429,17,228,24
128,6,231,17
311,47,235,39
505,18,237,22
14,38,239,13
632,6,242,31
724,26,245,43
60,29,246,34
463,44,250,0
369,12,251,63
602,56,255,10
185,0,260,54
15,61,263,12
180,44,265,43
365,28,267,41
126,28,269,52
248,35,270,17
593,7,272,12
334,46,273,14
648,7,274,31
460,34,277,7
23,0,281,42
465,28,283,21
421,69,285,7
132,17,290,42
339,7,292,38
752,17,293,9
357,37,295,21
434,0,296,34
376,13,301,20
98,0,302,56
495,44,307,20
633,21,308,24
63,27,309,49
491,14,312,10
412,38,313,40
675,14,314,21
35,70,316,14
346,29,320,35
212,44,324,20
332,27,327,34
753,50,328,34
398,26,330,14
367,49,335,0
422,28,337,52
441,47,341,12
598,20,342,13
527,55,343,34
19,7,321,22
55,30,348,52
462,13,352,54
410,21,322,38
137,45,353,6
333,24,354,27
27,34,355,17
167,10,366,31
663,27,368,24
403,47,370,16
261,15,371,20
391,17,372,28
45,26,373,31
176,7,377,14
416,7,378,40
619,35,379,21
605,17,381,7
604,8,384,0
583,35,386,15
280,47,387,14
284,8,390,41
49,55,393,34
52,9,395,28
566,43,399,9
706,31,401,28
540,32,404,34
57,47,406,54
608,24,407,34
405,30,408,38
740,51,409,9
247,59,413,10
394,51,414,45
594,40,415,10
196,41,424,17
426,63,425,16
450,7,428,21
298,61,430,49
461,21,432,17
80,0,433,70
54,19,435,23
748,7,436,71
21,7,437,51
305,17,438,56
382,28,443,42
522,14,444,27
758,42,447,34
36,38,449,24
351,17,451,59
733,58,452,0
241,22,453,19
555,38,455,21
135,14,456,24
68,21,457,14
467,21,458,52
446,21,470,31
423,34,471,45
550,19,472,27
89,7,473,44
418,7,474,61
488,38,475,28
597,28,476,29
289,14,477,24
380,48,480,27
392,3,481,17
233,6,482,27
721,14,484,30
586,9,442,42
515,42,487,35
440,3,489,44
59,48,497,54
614,65,501,50
490,21,507,24
249,31,509,21
161,7,510,31
203,41,511,36
226,41,513,7
264,23,520,20
336,28,521,39
108,0,525,21
131,17,526,23
359,28,528,21
517,44,530,65
41,28,536,21
715,24,539,17
694,19,524,7
534,10,551,16
310,14,553,36
356,22,554,35
725,17,556,30
686,10,557,49
276,3,541,37
31,31,543,36
385,45,561,55
304,8,563,11
254,28,564,33
147,7,565,21
498,3,568,17
47,57,569,0
347,0,570,30
153,17,571,51
197,37,572,35
275,16,544,38
375,28,574,34
172,3,575,30
286,24,576,27
760,10,577,24
120,37,578,33
514,0,580,45
268,24,581,50
291,22,584,14
33,17,588,49
714,37,589,36
745,17,590,26
636,38,592,42
504,7,595,42
210,39,596,16
533,21,599,28
547,61,603,37
532,7,606,48
257,20,609,71
644,45,610,14
141,10,612,5
173,0,616,19
331,63,546,10
494,35,549,37
230,27,625,32
623,21,626,17
542,20,631,21
709,41,635,14
297,21,637,13
350,27,638,3
493,66,639,59
485,54,640,44
666,52,641,49
213,27,645,23
114,17,646,31
448,21,647,7
611,77,651,21
744,24,654,31
747,16,655,35
656,27,657,50
338,13,658,34
315,10,659,9
680,52,661,45
374,0,662,33
107,31,664,41
535,15,676,31
144,42,665,23
40,54,677,35
620,24,679,31
229,20,681,38
668,14,667,20
670,13,669,22
673,28,671,50
672,2,674,24
174,27,684,56
519,7,685,28
630,17,687,35
9,13,688,24
459,35,689,14
340,7,690,69
77,35,692,42
208,58,693,3
756,24,696,34
361,21,700,24
500,17,705,41
258,7,708,52
552,14,710,42
750,41,711,20
44,9,713,14
20,0,716,20
221,35,717,45
125,12,718,46
567,0,719,36
411,23,720,31
397,27,722,35
624,10,723,34
757,13,726,40
466,21,727,13
496,24,728,59
193,31,729,45
279,42,732,37
81,27,734,7
479,28,735,6
703,10,736,16
468,7,737,60
92,34,738,9
344,45,739,31
12,69,741,13
506,21,742,12
159,21,746,44
345,21,751,40
271,0,754,40
642,24,755,21
5,20,89,41
484,19,208,23
24,34,241,10
586,14,503,41
691,39,512,36
94,24,582,45
491,31,646,26
265,35,80,6
759,31,146,23
207,21,173,50
4,31,229,21
611,45,498,28
443,45,579,52
558,40,681,13
178,24,2,21
7,42,8,41
201,3,9,27
536,20,11,63
588,41,13,33
84,28,15,30
316,52,16,7
449,35,19,0
655,27,20,10
435,55,23,21
612,34,26,10
701,38,27,28
351,10,30,51
442,35,31,41
187,21,32,42
750,20,40,21
151,19,41,20
592,35,42,0
393,64,46,3
118,7,47,44
546,51,48,26
138,19,52,21
281,45,54,14
261,55,55,21
421,52,56,9
10,34,58,7
746,19,60,14
401,19,62,22
309,21,65,17
609,27,66,6
160,62,67,55
172,10,68,41
119,45,69,30
177,20,70,33
263,33,90,51
121,27,92,12
343,54,97,33
50,41,98,42
736,23,100,35
425,14,101,49
338,25,103,39
79,7,107,42
564,45,108,34
49,73,113,26
312,27,114,24
116,28,115,48
659,42,117,14
87,28,122,49
399,34,125,6
553,45,128,24
314,34,130,12
323,23,131,34
572,23,132,27
398,34,133,17
88,7,137,48
273,8,139,26
195,48,140,14
120,14,143,40
245,19,147,8
328,42,148,14
99,3,152,40
520,56,156,7
434,20,157,45
249,90,159,0
72,13,161,28
376,27,163,25
433,39,164,6
264,23,165,21
603,24,166,20
298,35,167,17
615,10,168,21
647,6,171,20
458,49,174,19
175,16,169,30
438,72,176,7
180,21,179,59
96,21,181,33
702,43,182,35
86,31,184,35
154,3,186,41
718,41,188,14
389,28,193,15
423,16,196,35
561,34,197,42
44,19,198,29
692,21,199,24
223,16,203,24
554,41,204,20
407,7,205,14
345,28,210,43
710,20,211,42
387,30,212,35
734,8,215,26
240,10,216,24
728,52,218,3
394,42,219,35
134,37,220,34
684,20,221,38
63,30,230,49
539,14,231,24
106,17,233,21
290,48,234,3
253,14,236,21
183,35,243,38
429,21,244,52
509,16,246,38
33,0,247,70
213,17,248,28
82,42,254,41
747,6,256,16
38,14,257,35
202,31,258,25
575,26,259,28
170,20,260,27
549,27,262,42
451,28,266,21
494,21,268,67
17,14,271,42
306,6,274,31
111,24,275,31
379,41,278,6
569,9,279,47
250,0,280,71
589,52,283,27
404,40,284,17
577,21,286,38
200,10,287,13
613,42,288,19
372,36,289,42
744,12,292,34
308,31,294,26
369,0,295,38
517,28,297,14
191,14,299,47
528,7,300,84
685,21,301,27
596,8,304,34
377,20,305,13
590,3,310,32
330,35,315,21
616,41,318,20
238,3,325,17
373,30,324,19
319,17,327,55
276,24,329,17
252,7,332,53
409,13,333,28
222,37,334,58
742,35,336,21
235,20,337,23
378,55,339,3
77,41,340,23
237,14,344,50
504,17,321,35
71,18,346,26
353,28,347,43
190,64,348,62
530,16,349,61
155,36,358,48
158,35,357,42
185,13,362,65
649,18,363,34
149,13,364,55
489,45,365,29
557,27,366,3
658,27,367,28
476,52,370,7
226,21,374,3
697,10,375,34
1,14,380,33
657,59,382,30
95,55,385,14
390,32,391,23
35,21,392,24
640,21,397,76
104,50,400,28
571,24,402,14
408,24,403,42
406,54,405,23
37,40,410,29
556,41,412,56
313,35,414,21
470,33,417,45
584,35,418,38
206,3,419,51
135,7,356,23
311,49,422,17
587,24,427,43
225,24,431,16
227,56,437,24
630,31,439,38
302,31,440,3
341,35,446,14
618,14,448,43
745,28,450,42
142,87,452,14
335,14,454,53
162,35,456,43
432,14,457,27
217,17,460,42
75,21,462,14
45,38,463,34
102,7,464,62
714,19,465,27
749,30,467,34
39,13,468,7
466,24,474,20
270,41,475,38
396,0,478,41
251,14,479,21
455,31,480,14
645,42,481,14
388,27,483,30
511,10,441,69
754,35,486,3
738,38,487,56
477,20,490,24
696,28,492,0
626,45,485,26
307,3,493,56
723,20,495,37
18,30,497,36
28,35,499,54
707,35,500,31
436,66,502,7
521,20,505,31
739,55,506,35
85,14,508,21
526,23,515,21
472,56,516,49
136,48,518,17
699,21,519,31
507,62,522,24
239,9,527,28
269,54,529,55
342,6,533,52
110,6,534,19
426,62,537,10
73,19,538,42
93,59,550,47
600,38,551,17
326,13,552,44
637,17,555,66
665,24,559,30
277,27,560,31
109,45,541,10
43,21,542,41
126,49,562,30
751,30,563,23
320,24,566,21
720,44,567,0
445,24,570,22
242,10,573,13
629,21,574,24
727,35,576,34
224,53,578,52
543,24,581,38
61,13,583,35
368,14,585,24
501,48,591,3
568,21,594,17
386,17,595,28
57,48,597,7
415,24,599,56
296,17,601,34
676,14,604,26
285,20,606,56
255,23,607,3
605,9,614,51
36,30,617,6
371,59,619,10
482,17,545,14
228,10,620,20
416,22,547,45
153,14,548,28
381,19,625,47
722,0,622,36
194,28,623,41
639,27,624,24
129,13,628,34
192,3,632,33
53,34,633,35
453,10,634,52
331,70,635,13
469,17,641,31
189,10,642,45
712,42,643,50
64,7,644,30
3,13,648,31
395,13,650,49
598,33,651,35
636,27,652,28
523,28,654,38
544,35,656,31
510,7,675,20
711,30,677,35
693,39,678,36
303,42,679,7
705,31,680,24
496,31,666,21
674,48,667,6
672,38,668,22
669,41,671,7
670,55,673,27
91,23,686,12
352,32,689,25
127,21,690,49
232,24,683,10
34,21,698,13
488,42,700,13
610,26,703,48
420,13,704,16
525,18,708,10
105,56,706,38
355,14,709,52
580,24,713,0
428,14,715,37
76,10,716,39
717,45,719,21
565,38,721,27
664,44,724,14
124,38,725,25
662,22,726,35
360,25,730,48
22,14,731,20
145,10,733,7
608,21,735,20
12,33,740,9
354,26,741,28
359,35,743,28
267,59,748,3
444,17,752,23
59,23,753,19
383,21,755,31
317,16,756,41
513,10,757,13
272,35,694,31
123,25,695,27
74,28,758,30
291,10,760,13
729,52,51,20
78,20,473,45
646,48,5,17
661,10,141,20
30,31,242,16
721,41,245,24
493,34,294,24
329,10,455,35
89,10,491,34
559,31,74,45
628,21,154,0
114,17,389,37
480,22,1,25
497,44,3,37
247,56,7,17
297,7,8,14
171,33,9,17
274,16,11,13
409,14,12,43
123,17,14,34
492,24,17,0
227,55,21,34
233,13,23,27
638,10,24,35
713,42,25,14
709,35,27,45
216,10,29,31
413,41,33,7
4,31,34,12
700,0,35,56
19,3,36,31
687,16,37,23
66,62,38,27
737,37,39,14
630,41,43,40
514,21,44,7
212,14,45,3
732,8,47,33
419,28,49,31
624,62,53,22
106,23,54,22
371,59,55,21
403,42,57,41
148,3,59,47
69,12,62,38
625,49,63,0
253,14,64,33
566,19,71,22
675,7,72,0
352,52,75,7
52,24,76,7
199,7,77,56
335,21,79,14
164,54,80,24
708,20,82,30
759,22,85,27
534,13,86,24
445,31,88,38
430,54,91,28
487,36,92,53
196,42,93,21
705,66,94,27
197,7,95,52
167,0,96,28
468,21,102,28
464,34,104,21
658,38,107,28
551,35,110,37
656,6,111,37
570,14,112,49
704,31,116,28
547,54,117,34
569,0,118,41
70,21,120,19
235,17,122,10
100,37,126,24
340,0,127,73
83,20,129,3
121,6,131,17
234,35,132,41
621,0,134,54
204,28,135,17
422,17,136,38
578,38,142,48
2,7,143,42
229,0,144,37
178,13,145,24
415,9,149,58
536,46,151,49
40,63,153,31
532,28,155,31
165,17,156,13
295,19,158,13
599,35,166,6
686,21,168,37
437,21,170,20
461,38,172,19
354,20,173,28
696,22,175,14
244,34,176,37
150,35,180,28
691,24,183,21
73,54,185,20
581,37,187,24
346,66,188,41
632,33,191,17
439,41,192,28
485,10,194,53
537,16,195,19
400,14,200,56
108,27,202,38
479,37,205,15
46,17,206,44
160,28,209,31
751,28,210,21
333,34,207,20
481,13,213,28
649,17,214,13
139,20,222,24
441,28,223,7
452,7,224,52
10,17,225,21
81,28,226,27
303,48,228,28
65,38,230,22
755,34,232,27
506,12,237,15
273,21,238,20
161,7,239,31
60,7,249,3
327,53,252,13
609,40,255,6
395,45,256,10
190,30,261,66
146,21,264,28
433,62,265,3
50,27,267,37
211,41,270,20
733,14,279,28
482,13,281,27
391,27,284,31
541,30,288,10
385,20,290,31
474,39,291,6
90,0,296,7
181,31,298,27
502,6,302,49
345,8,304,30
429,42,305,30
753,29,306,7
495,43,308,37
501,7,309,21
133,0,311,56
240,27,313,24
58,39,315,35
361,30,316,40
740,30,318,17
332,27,319,33
125,6,320,32
515,21,323,20
645,45,326,21
41,25,328,55
431,24,330,21
355,12,331,40
87,13,334,20
454,49,338,7
417,28,341,42
627,48,342,45
67,38,343,52
182,60,347,22
282,23,350,13
573,35,351,42
6,10,322,0
688,26,359,7
456,54,360,28
260,49,362,27
16,21,363,7
98,21,365,27
357,42,369,25
280,28,373,24
177,41,376,28
620,37,377,20
348,28,379,34
189,13,383,21
321,64,386,7
250,6,387,38
512,28,388,51
372,3,390,59
113,27,393,49
641,45,394,25
659,13,398,10
522,31,404,44
370,14,406,75
735,28,407,41
597,31,408,0
241,27,410,37
634,28,412,35
292,16,416,6
203,27,420,14
162,21,356,26
606,14,421,38
283,44,423,62
140,21,426,42
101,28,427,35
231,24,428,6
68,41,432,10
84,44,434,20
545,17,435,14
679,7,438,49
436,44,440,0
483,27,443,28
61,7,449,17
447,26,451,35
719,3,458,51
243,20,459,48
575,20,460,30
220,24,462,20
324,23,463,49
760,3,466,24
103,24,467,34
349,45,469,24
115,59,470,21
465,23,472,13
392,51,475,45
405,14,476,66
752,21,477,7
179,24,478,12
678,14,484,35
262,24,442,7
169,50,486,17
710,17,488,28
748,3,489,80
444,3,490,62
503,51,494,28
368,14,496,38
617,17,504,10
336,14,505,48
293,14,507,41
159,21,509,60
314,19,510,30
446,21,511,52
374,7,513,28
13,27,517,31
337,16,518,0
163,24,519,10
508,0,520,28
344,33,521,7
378,35,523,17
254,10,525,31
97,20,527,69
119,66,529,28
218,42,530,25
300,47,531,43
694,37,535,34
310,24,539,10
289,33,540,27
248,62,552,56
715,44,553,27
730,41,554,22
380,43,555,56
266,0,558,55
457,14,560,31
299,17,542,10
32,26,543,44
401,33,562,30
258,37,564,34
208,17,565,27
411,32,567,0
677,7,571,51
561,21,572,33
382,51,544,7
414,21,574,31
418,24,577,49
499,20,582,45
595,25,583,28
576,28,584,35
663,38,585,27
268,40,586,7
425,14,587,56
637,10,588,26
424,21,589,38
450,28,590,25
652,7,592,20
524,7,593,24
498,17,594,14
563,35,596,32
364,63,598,14
263,40,601,68
257,6,602,42
654,23,603,3
272,34,604,18
591,7,605,28
152,42,607,13
251,21,608,49
712,12,610,30
533,38,611,20
500,15,612,26
109,34,613,14
381,31,614,44
366,45,615,38
741,38,616,35
743,14,618,9
278,8,619,42
635,39,546,57
31,24,549,20
731,13,623,28
397,21,626,16
631,0,629,55
42,30,636,28
633,45,639,37
622,58,640,21
556,34,642,37
644,63,643,16
201,6,647,23
18,47,648,33
20,14,650,24
568,13,651,16
375,31,653,52
138,12,655,44
186,24,657,45
516,51,660,29
215,22,662,14
384,16,676,42
276,10,666,42
15,35,682,21
668,29,669,51
667,0,670,56
673,28,672,35
671,20,674,27
690,48,692,21
695,35,693,10
184,28,697,20
689,20,698,27
301,20,699,14
198,21,701,42
353,28,702,27
236,7,703,17
269,46,706,49
26,7,707,69
402,41,711,30
471,33,714,20
684,37,717,22
399,0,718,52
221,45,720,21
22,28,722,6
307,21,723,48
147,45,724,52
683,29,725,32
286,31,727,26
219,21,728,49
757,31,734,17
105,26,736,22
526,70,738,16
742,14,739,34
339,17,744,48
128,26,745,7
246,24,746,27
716,59,747,14
367,39,749,42
548,27,750,42
317,17,754,64
271,23,756,42
681,28,758,52
193,48,51,41
729,37,312,21
78,38,5,28
646,31,473,24
680,49,28,26
693,10,123,17
459,27,183,28
245,30,208,37
350,33,241,26
685,17,580,13
75,7,220,45
539,17,450,0
264,14,508,27
726,42,734,7
144,46,4,49
412,3,6,51
316,28,14,31
601,17,15,38
754,45,17,8
3,27,18,31
595,21,19,28
747,3,20,28
362,33,21,14
640,21,22,70
44,20,25,24
141,49,26,24
48,12,27,47
322,38,29,10
453,22,30,41
581,56,32,43
59,27,41,28
192,67,43,30
280,42,45,14
113,34,46,27
206,13,49,46
489,21,50,31
256,24,52,7
23,7,54,31
405,13,57,76
514,22,58,7
509,25,60,34
617,38,61,21
610,31,64,32
625,40,65,10
527,58,67,7
143,83,70,28
170,28,73,20
374,14,81,37
589,7,83,37
90,24,84,48
389,35,89,24
320,7,95,49
130,0,97,49
267,61,98,13
255,38,99,21
195,27,101,17
100,26,105,21
82,50,108,13
455,24,109,31
129,3,111,24
341,7,115,35
470,14,116,17
279,30,118,37
62,21,119,19
487,37,121,61
755,36,124,28
706,43,126,34
590,0,128,41
718,37,132,10
512,43,134,42
86,21,136,31
76,16,138,32
325,17,139,38
47,24,142,33
120,14,145,27
156,42,146,40
753,43,148,25
265,28,150,31
602,31,152,7
296,16,157,28
204,49,162,33
85,24,165,21
460,45,172,14
224,14,178,16
80,0,179,62
91,14,181,28
551,10,184,31
544,55,186,31
543,34,187,27
160,16,189,23
619,47,190,18
283,17,196,48
125,8,197,66
528,44,201,14
254,7,202,34
552,17,211,51
463,27,212,13
574,7,216,20
432,21,217,22
666,31,218,35
174,16,221,42
273,14,222,54
315,30,225,33
757,34,226,42
260,21,227,38
553,17,231,21
725,21,232,49
545,31,233,28
399,14,234,31
736,24,236,0
87,21,238,7
510,10,239,7
37,7,240,13
351,37,242,23
228,28,244,21
159,24,246,30
8,0,247,21
746,20,249,29
373,70,250,14
155,52,252,20
643,47,253,41
66,17,257,14
525,48,258,23
560,24,259,28
31,7,262,42
379,17,261,47
682,52,263,40
74,52,266,16
503,30,268,27
562,14,269,62
326,10,270,42
486,14,271,36
535,27,272,56
151,6,274,31
656,18,275,30
613,24,276,31
55,50,278,45
56,17,285,38
418,0,286,37
507,45,289,31
71,13,290,42
603,16,292,21
390,13,293,14
7,27,297,20
177,41,301,14
377,28,303,48
11,17,306,34
294,31,307,24
428,10,310,20
518,10,311,45
72,3,314,20
175,41,317,12
421,57,319,9
387,43,324,26
288,35,329,28
12,25,333,28
107,16,335,14
739,53,336,20
122,48,337,26
467,37,338,0
547,50,339,12
149,49,342,6
505,10,344,27
36,23,321,43
641,35,349,63
698,12,352,44
112,37,353,23
616,28,354,10
554,45,360,12
407,38,363,13
168,59,366,31
79,6,367,35
394,17,368,42
348,7,371,63
490,62,372,3
654,14,378,41
63,18,381,15
579,49,382,42
593,12,384,15
346,14,385,49
504,18,386,28
540,0,391,49
213,59,392,21
655,48,395,35
164,42,396,31
194,30,397,28
287,24,400,13
529,37,401,31
677,23,402,33
476,33,403,48
370,20,408,21
207,36,409,40
458,42,411,7
13,61,413,7
687,17,414,26
355,38,415,70
511,45,417,31
393,17,419,31
660,13,424,27
140,31,425,13
438,31,429,12
96,27,430,21
478,13,433,14
16,20,434,62
281,54,435,20
302,31,436,28
299,33,439,15
657,40,443,42
404,17,444,24
347,27,445,51
223,27,446,17
558,46,447,16
9,36,448,25
583,24,449,26
2,50,452,40
749,22,454,27
356,35,456,36
277,21,461,30
200,17,464,59
471,31,465,38
291,17,466,41
104,40,468,14
423,25,472,28
555,48,480,16
106,27,482,35
34,6,483,44
420,3,441,44
35,34,488,21
756,14,492,42
623,53,485,39
53,24,493,45
586,20,494,10
639,44,495,45
585,35,496,51
648,27,497,44
598,37,498,22
612,52,499,27
230,37,501,32
365,21,502,49
521,35,506,39
215,6,513,23
131,23,515,21
588,44,517,34
376,22,519,49
477,45,522,17
416,24,523,20
92,30,526,34
171,17,531,31
332,6,532,34
594,21,533,38
697,40,534,5
328,52,536,30
427,26,537,10
185,6,538,74
676,12,524,21
516,35,550,42
383,19,556,24
615,7,557,42
1,19,541,31
566,30,561,21
364,59,568,14
732,40,569,13
137,47,570,29
711,7,571,30
188,15,572,57
457,13,575,10
576,21,577,28
733,42,578,7
426,38,587,27
614,77,591,22
406,48,597,34
110,21,600,31
309,24,605,38
358,7,606,35
607,7,609,73
359,27,618,21
305,34,620,63
40,35,548,20
442,16,549,47
462,35,621,20
626,10,622,30
651,17,627,14
313,36,629,49
631,44,630,16
542,10,632,24
723,24,633,20
410,29,634,28
592,35,636,31
33,10,637,27
282,47,638,14
475,7,645,56
743,24,647,34
180,59,649,24
42,0,652,14
24,24,653,28
103,30,658,31
690,45,659,35
500,24,661,38
530,22,663,21
147,18,664,19
209,41,675,35
758,66,665,69
565,38,678,14
176,14,679,37
451,24,681,21
669,48,667,13
670,63,668,45
672,16,671,34
674,34,673,16
567,0,684,44
298,39,686,42
300,20,688,7
388,34,689,14
243,30,691,20
642,30,683,20
169,37,696,34
481,41,700,13
713,21,701,30
88,14,702,42
203,30,704,3
582,26,705,13
564,42,708,59
94,21,707,56
331,54,709,10
248,24,710,21
703,14,712,10
93,15,714,22
745,14,715,59
650,45,716,21
361,7,717,56
720,69,719,0
724,37,721,30
474,30,727,23
469,7,728,45
135,29,730,36
722,37,731,30
102,10,737,42
323,41,738,14
173,45,740,7
318,42,741,14
237,21,742,7
440,37,748,7
153,0,750,38
77,33,751,43
284,3,752,48
604,28,694,21
484,26,695,21
520,31,759,3
584,14,760,21
312,7,78,42
491,20,114,27
473,31,193,24
51,19,646,37
337,7,136,42
352,10,275,36
276,26,288,28
541,44,455,42
30,35,653,3
665,25,74,42
382,34,129,7
157,27,310,30
196,35,516,28
84,31,703,38
124,3,6,31
618,6,9,13
228,23,12,28
297,16,13,35
81,27,15,33
351,17,24,42
517,57,33,7
432,3,34,60
7,0,37,55
614,21,49,44
308,42,53,21
217,19,68,39
154,0,75,30
375,9,83,51
146,31,85,13
222,36,87,22
472,48,93,55
612,45,94,31
557,57,96,21
184,52,110,19
657,35,111,20
311,7,122,28
421,14,137,21
238,10,139,38
707,24,141,38
451,31,144,49
508,42,156,20
430,31,167,10
688,41,171,10
195,34,179,28
443,66,186,31
556,14,189,15
191,24,192,0
406,26,203,59
290,62,208,13
397,34,211,65
496,42,218,24
368,14,219,31
467,27,221,13
266,14,229,13
601,14,231,38
422,33,235,34
350,21,240,35
241,24,242,30
689,17,243,31
457,17,259,10
115,31,262,48
344,24,261,10
759,21,264,14
436,38,272,21
172,21,277,26
714,34,283,28
293,28,284,0
639,10,294,66
366,35,298,41
632,7,299,33
201,14,300,63
497,12,302,37
525,21,303,42
633,21,307,24
43,13,313,49
334,45,325,21
249,27,343,34
751,41,321,48
216,16,322,10
448,24,359,21
533,7,364,32
526,28,371,50
329,10,380,41
232,24,383,27
45,28,387,14
289,10,390,20
490,17,391,16
477,12,404,29
29,58,412,42
760,65,418,20
424,24,423,17
177,21,426,28
625,17,433,65
173,30,438,27
372,7,444,28
681,37,447,38
638,10,453,50
659,35,454,33
642,7,459,41
460,21,461,42
388,27,462,13
538,7,464,41
585,23,469,29
589,48,471,21
577,45,474,24
691,34,483,31
26,17,500,42
183,14,512,56
165,21,520,38
752,49,522,20
580,22,527,52
647,32,528,31
666,24,530,44
507,39,540,0
86,42,551,34
226,37,554,34
109,23,555,59
4,41,559,38
630,32,542,31
36,31,565,48
47,21,571,34
579,35,544,27
518,7,573,31
725,31,574,44
560,0,575,32
466,28,576,21
727,34,584,44
413,0,588,55
419,20,599,79
670,31,602,32
479,0,609,43
480,31,613,45
181,45,615,17
143,63,547,35
220,45,621,14
142,23,622,34
495,31,624,6
414,37,629,63
439,19,631,55
641,10,634,23
247,47,637,28
754,33,644,30
628,31,656,0
550,30,660,48
582,36,661,14
394,38,663,31
499,30,680,28
736,33,682,6
706,13,669,49
328,27,674,45
664,24,684,21
410,17,687,38
600,24,697,31
134,35,698,13
28,18,705,44
616,17,715,38
493,56,723,28
89,0,729,38
281,27,730,44
280,10,737,45
531,13,743,34
683,0,755,17
558,33,758,34
100,20,553,52
524,38,545,6
114,21,193,26
51,20,389,21
5,3,491,9
398,20,8,53
322,54,634,39
74,20,4,27
28,35,26,56
639,54,53,35
89,19,78,27
444,10,293,40
473,31,312,21
275,44,382,48
29,24,414,28
462,28,459,21
349,24,585,39
624,31,633,9
129,37,657,40
705,45,707,17
646,35,729,55
37,12,6,30
730,24,15,30
343,27,49,42
681,10,83,28
557,35,93,21
661,10,94,36
290,23,95,44
286,24,109,31
714,14,124,45
574,7,134,56
259,7,136,26
680,22,141,27
656,38,154,13
143,17,211,38
216,13,220,31
559,16,229,14
243,28,240,27
622,32,248,55
375,40,266,46
573,31,282,38
522,24,289,26
723,49,294,19
715,17,302,20
436,28,303,21
307,19,308,34
565,40,321,21
30,19,350,24
313,41,352,38
195,17,364,0
728,60,368,6
344,10,371,27
540,13,372,31
183,21,388,40
218,56,394,77
412,55,410,20
334,21,448,64
758,35,451,56
24,37,453,7
664,17,458,41
737,31,464,14
659,26,467,45
284,21,477,42
203,13,441,44
390,27,490,30
219,28,496,42
499,24,500,34
391,12,507,45
621,61,512,76
426,0,527,27
460,10,531,39
144,63,558,31
432,35,560,24
262,27,571,24
443,75,544,31
68,7,575,28
111,31,579,48
247,52,588,30
433,35,599,42
137,6,609,55
530,17,612,41
186,10,628,37
653,40,638,7
663,14,641,33
447,45,665,10
483,27,582,45
469,24,666,52
602,14,669,31
754,9,674,37
629,34,687,45
600,21,688,31
689,10,691,52
75,17,698,14
404,17,752,31
122,14,755,15
556,24,760,38
141,10,705,41
491,23,729,29
216,16,6,54
436,70,15,45
195,41,49,45
565,41,95,30
691,35,134,42
223,45,194,12
109,14,196,31
653,24,241,28
13,20,247,27
211,47,248,32
242,12,282,37
760,40,299,24
448,22,300,55
350,30,351,3
737,16,371,38
628,34,443,10
467,0,458,38
531,27,465,24
557,7,466,45
262,0,441,35
495,20,493,38
599,42,527,24
124,36,555,41
453,28,573,35
688,7,577,10
623,24,581,17
669,34,609,31
308,30,624,6
30,36,638,14
755,17,642,3
302,31,674,14
57,36,704,23
53,21,723,24
349,44,728,58
507,38,752,31
558,27,758,24
555,7,300,65
531,0,196,38
436,12,371,14
34,21,443,17
577,10,466,36
211,20,441,35
458,23,565,13
302,3,669,10
755,23,760,30
300,27,466,17
371,10,669,7
646,28,24,31
30,31,111,13
760,40,196,38
641,20,451,23
458,3,441,29
247,10,461,9
275,10,558,34
350,21,585,28
49,17,599,38
114,10,657,55
728,51,382,31
758,21,83,24
144,50,282,61
443,45,349,48
193,20,496,24
491,23,653,28
394,35,266,52
75,36,372,30
389,16,412,17
462,41,687,17
53,31,74,12
34,38,469,31
698,34,628,26
404,17,707,12
723,14,388,31
477,31,512,24
308,33,634,28
289,24,680,26
141,8,495,38
579,46,574,39
29,24,691,35
573,21,4,45
390,32,220,33
624,23,240,31
459,23,612,25
444,24,629,38
705,7,6,24
313,18,243,33
352,9,322,29
134,31,490,0
493,35,37,19
293,3,216,30
507,49,582,52
729,16,752,24
760,14,300,28
6,31,134,35
