2.4888,0.26549,1.5737,0.32357,1.0665
2.4396,0.26549,1.5377,0.26338,1.0495
2.3413,0.25193,1.5352,0.23528,1.0001
2.1348,0.30979,-0.61369,0.26232,0.99459
2.0463,0.31973,-0.61369,0.19233,0.97537
1.948,0.30979,-0.61369,0.17165,0.93077
1.8496,0.30979,-0.61369,0.12552,0.89745
1.8496,0.31973,-0.61369,0.10643,0.90841
1.7415,0.31973,-0.61369,0.060301,0.87188
1.6431,0.2908,-0.61369,0.022123,0.80739
1.5546,0.28176,-0.61369,-0.036734,0.76822
1.5054,0.27363,-0.61369,-0.063776,0.74321
1.5546,0.26549,-0.61369,-0.084456,0.75062
1.4563,0.26549,-0.61369,-0.10195,0.7183
1.4071,0.25645,-0.61369,-0.14172,0.69252
1.3039,0.24741,-0.61369,-0.15604,0.6493
1.2498,0.24741,-0.61369,-0.17513,0.63182
1.1514,0.24741,-0.61369,-0.21808,0.60016
1.1514,0.24741,-0.61369,-0.22444,0.60016
1.1072,0.22933,-0.61369,-0.24035,0.56695
1.0629,0.20945,-0.61369,-0.24989,0.53199
1.0629,0.19137,-0.61369,-0.28966,0.51303
1.0629,0.1751,-0.61369,-0.28171,0.49596
0.9646,0.14798,-0.61369,-0.28966,0.43683
0.9646,0.13894,-0.61369,-0.29443,0.42741
0.9646,0.11905,-0.61369,-0.3167,0.40669
0.9646,0.10097,-0.61369,-0.33897,0.38785
0.86626,0.066621,-0.61369,-0.32466,0.32206
0.86626,0.048541,-0.61369,-0.32784,0.30334
0.86626,0.035283,-0.61369,-0.36124,0.28961
0.86626,0.028654,-0.61369,-0.36761,0.28275
0.86626,0.010575,-0.61369,-0.37079,0.26403
0.75809,-0.0056963,-0.61369,-0.37397,0.21488
0.81218,0.0024394,-0.61369,-0.37715,0.2394
0.75809,-0.0056963,-0.61369,-0.37715,0.21488
0.75809,-0.0056963,-0.61369,-0.3851,0.21488
0.75809,-0.0056963,-0.61369,-0.41215,0.21488
0.69253,-0.0056963,-0.61369,-0.40154,0.1954
0.65976,-0.0056963,-0.61369,-0.4209,0.18568
0.65976,-0.0056963,-0.61369,-0.41692,0.18568
0.57125,-0.023775,-0.61369,-0.4376,0.14117
0.65976,-0.0056963,-0.61369,-0.41851,0.18568
0.57125,-0.023775,-0.61369,-0.4376,0.14117
0.57125,-0.023775,-0.61369,-0.42646,0.14117
0.57125,-0.041855,-0.61369,-0.4429,0.1228
0.57125,-0.061742,-0.61369,-0.43442,0.10259
0.57125,-0.061742,-0.61369,-0.44714,0.10259
0.57125,-0.066262,-0.61369,-0.44794,0.098
0.57125,-0.061742,-0.61369,-0.46729,0.10259
0.57125,-0.079821,-0.61369,-0.46623,0.084224
0.57125,-0.096092,-0.61369,-0.47896,0.067694
0.65976,-0.096092,-0.61369,-0.47896,0.093322
0.65976,-0.096092,-0.61369,-0.47896,0.093322
0.65976,-0.087957,-0.61369,-0.4885,0.10163
0.57125,-0.096092,-0.61369,-0.48373,0.067694
0.53847,-0.067768,-0.61369,-0.49699,0.08695
0.47292,-0.061742,-0.61369,-0.48532,0.074047
0.47292,-0.041855,-0.61369,-0.50123,0.094127
0.47292,-0.061742,-0.61369,-0.49168,0.074047
0.52208,-0.079821,-0.61369,-0.50441,0.069989
0.57125,-0.096092,-0.61369,-0.49486,0.067694
0.57125,-0.11417,-0.61369,-0.53781,0.049328
0.57125,-0.13225,-0.61369,-0.53463,0.030962
0.47292,-0.11417,-0.61369,-0.52509,0.021113
0.47292,-0.11417,-0.61369,-0.53198,0.021113
0.37458,-0.13225,-0.61369,-0.5235,-0.025087
0.37458,-0.12321,-0.61369,-0.52191,-0.016018
0.37458,-0.13225,-0.61369,-0.53145,-0.025087
0.37458,-0.15214,-0.61369,-0.52032,-0.045038
0.47292,-0.15214,-0.61369,-0.52668,-0.017214
0.47292,-0.15214,-0.61369,-0.54418,-0.017214
0.44014,-0.15816,-0.61369,-0.53834,-0.032576
0.37458,-0.16118,-0.61369,-0.51554,-0.054107
0.37458,-0.15214,-0.61369,-0.53304,-0.045038
0.26641,-0.15214,-0.61369,-0.55849,-0.07547
0.30247,-0.17022,-0.61369,-0.51926,-0.0834
0.37458,-0.20457,-0.61369,-0.54259,-0.097631
0.37458,-0.21361,-0.61369,-0.51873,-0.1067
0.37458,-0.23259,-0.61369,-0.51873,-0.12574
0.37458,-0.24253,-0.61369,-0.51236,-0.13571
0.32049,-0.24253,-0.61369,-0.52986,-0.15064
0.26641,-0.26061,-0.61369,-0.51713,-0.18353
0.23363,-0.28291,-0.61369,-0.51607,-0.21466
0.26641,-0.2814,-0.61369,-0.50679,-0.20424
0.26641,-0.31304,-0.61369,-0.51395,-0.23575
0.37458,-0.34498,-0.61369,-0.51501,-0.23845
0.33852,-0.35101,-0.61369,-0.52244,-0.2542
0.26641,-0.37933,-0.61369,-0.52456,-0.30176
0.26641,-0.38536,-0.61369,-0.49486,-0.30776
0.26641,-0.40344,-0.61369,-0.51077,-0.32577
0.26641,-0.40344,-0.61369,-0.51554,-0.32577
0.26641,-0.40344,-0.61369,-0.52191,-0.32577
0.26641,-0.41338,-0.61369,-0.50441,-0.33567
0.26641,-0.42333,-0.61369,-0.49646,-0.34557
0.26641,-0.44141,-0.61369,-0.50441,-0.36357
0.26641,-0.45768,-0.61369,-0.4885,-0.37976
0.26641,-0.47576,-0.61369,-0.49168,-0.39776
0.26641,-0.47576,-0.61369,-0.49168,-0.39776
0.26641,-0.47576,-0.61369,-0.49168,-0.39776
0.26641,-0.49384,-0.61369,-0.49168,-0.41576
0.16807,-0.51372,-0.61369,-0.50335,-0.46083
0.16807,-0.51372,-0.61369,-0.48373,-0.46083
0.07957,-0.5318,-0.61369,-0.49168,-0.50124
0.07957,-0.54807,-0.61369,-0.47578,-0.51724
0.07957,-0.54807,-0.61369,-0.47259,-0.51724
0.07957,-0.54807,-0.61369,-0.47418,-0.51724
0.07957,-0.58423,-0.61369,-0.48214,-0.5528
0.07957,-0.58423,-0.61369,-0.48691,-0.5528
0.07957,-0.60412,-0.61369,-0.47418,-0.57236
0.1017,-0.57971,1.5377,-0.43283,-0.5428
0.33852,-0.41007,1.5069,-0.22444,-0.31327
0.39916,-0.36321,1.4658,-0.088433,-0.25011
0.47292,-0.35101,1.5377,0.020532,-0.21791
0.63025,-0.33896,1.5617,0.10961,-0.1628
0.70892,-0.31304,1.5737,0.21906,-0.11464
0.65976,-0.27688,1.6096,0.27425,-0.091327
0.70892,-0.26061,1.6096,0.36572,-0.060943
0.72531,-0.26061,1.5891,0.43306,-0.056345
0.86626,-0.24253,1.7346,0.55926,0.0020764
0.91543,-0.21948,1.806,0.6433,0.039985
1.176,-0.14717,1.9395,0.81749,0.19145
1.2768,-0.061742,1.9228,0.99486,0.31202
1.4235,0.029257,1.9348,1.168,0.45416
1.4563,0.016451,1.8715,1.2454,0.45061
1.4563,0.053965,1.7431,1.2889,0.49092
1.4317,0.0847,1.6982,1.3265,0.5162
1.4563,0.14301,1.6943,1.3711,0.58662
1.4563,0.12899,1.6943,1.3798,0.57156
1.4563,0.17058,1.7174,1.4013,0.61625
1.4563,0.16606,1.7945,1.4013,0.6114
1.4071,0.14798,1.7945,1.3758,0.57626
1.4235,0.095547,1.7688,1.3027,0.52525
1.4563,0.0847,1.7945,1.2613,0.52395
1.4317,0.10097,1.6674,1.3218,0.53366
1.4317,0.11046,1.7174,1.3567,0.54384
1.4317,0.11453,1.7688,1.3917,0.54821
1.4563,0.13894,1.7945,1.4546,0.58225
1.53,0.15702,1.7174,1.5047,0.62536
1.5546,0.15702,1.7213,1.4951,0.63327
1.5054,0.15702,1.6661,1.4848,0.61745
1.5218,0.20342,1.6661,1.4967,0.67281
1.5546,0.22933,1.7174,1.6789,0.7115
1.5546,0.24139,1.7174,1.6887,0.72454
1.5546,0.24139,1.6661,1.694,0.72454
1.5546,0.24741,1.7482,1.6463,0.73106
1.5546,0.24741,1.7688,1.6272,0.73106
1.5546,0.24139,1.8201,1.5678,0.72454
1.5546,0.22933,1.9656,1.5179,0.7115
1.6677,0.20493,2.5005,1.4522,0.72201
1.9234,0.20041,2.7752,1.5492,0.80131
2.0463,0.20945,2.1282,1.589,0.85232
2.0463,0.20945,2.1539,1.6134,0.85232
1.9971,0.14798,2.0756,1.4578,0.76752
1.948,0.11905,2.2018,1.3758,0.71928
2.0217,0.14346,3.1487,1.3742,0.77059
2.2331,0.092835,2.2989,1.3154,0.78356
2.2331,0.048541,2.2822,1.2446,0.73358
2.0906,0.048541,-0.50073,1.1348,0.68717
1.7415,0.066621,-0.24656,1.0004,0.59486
1.6431,0.07566,1.8111,0.91373,0.57338
1.6431,0.08018,2.1864,0.87316,0.57829
1.6431,0.066621,1.6661,0.74432,0.56355
1.621,0.028654,1.7431,0.60115,0.5153
1.5546,0.057581,1.6661,0.5582,0.52574
1.5546,0.21442,1.6815,0.75068,0.69536
1.5546,0.2108,1.6353,0.99645,0.69145
1.5767,0.47657,1.8227,1.2899,0.98668
1.6431,0.4716,2.1616,1.4124,1.0042
1.7775,0.44628,2.1744,1.4628,1.0229
1.8742,0.48063,2.0884,1.5508,1.0944
1.948,0.44628,2.0229,1.5794,1.0822
1.948,0.48063,1.8971,1.5779,1.1203
1.8742,0.37668,1.6943,1.5452,0.97962
1.8496,0.33781,1.7482,1.5222,0.92834
1.8496,0.29984,1.7534,1.4692,0.88649
1.8496,0.25193,1.8201,1.4538,0.83368
1.8496,0.22436,1.7752,1.4705,0.80329
1.7415,0.17449,1.6661,1.4999,0.7129
1.7415,0.19137,1.6661,1.4872,0.73137
1.7415,0.12402,1.6353,1.4673,0.65767
1.7415,0.107,1.6661,1.4437,0.63904
1.6923,0.11905,1.6815,1.4896,0.63637
1.6431,0.074304,1.6353,1.4482,0.5719
1.5989,-0.0016284,1.6096,1.3488,0.47552
1.6431,-0.041855,1.6096,1.2589,0.44562
1.6431,-0.10513,1.6096,1.1484,0.37684
1.5767,-0.16118,1.6096,1.0394,0.29593
1.53,-0.24705,1.6096,0.93441,0.18925
1.4563,-0.29135,1.6096,0.82544,0.12003
1.3579,-0.29496,-0.61369,0.75545,0.087714
1.0629,-0.36728,-0.61369,0.5232,-0.072396
0.9646,-0.3944,-0.61369,0.46116,-0.12797
0.75809,-0.50378,-0.61369,0.29255,-0.2969
0.57125,-0.67553,-0.61369,0.077799,-0.52048
0.57125,-0.82529,-0.61369,0.018411,-0.67235
0.57125,-0.81384,-0.61369,-0.043097,-0.66074
0.65976,-0.87531,-0.61369,-0.090819,-0.70185
0.47292,-1.0001,-0.61369,-0.22444,-0.87214
0.52208,-1.0362,-0.61369,-0.21649,-0.89736
0.57125,-1.0462,-0.61369,-0.26686,-0.8962
0.47292,-1.1465,-0.61369,-0.33261,-1.0196
0.52208,-1.1176,-0.61369,-0.34852,-0.97953
0.57125,-1.1366,-0.61369,-0.3851,-0.98778
0.57125,-1.1727,-0.61369,-0.38033,-1.0244
0.57125,-1.1646,-0.61369,-0.39624,-1.0162
0.57125,-1.1465,-0.61369,-0.39306,-0.99786
0.57125,-1.1465,-0.61369,-0.42646,-0.99786
0.40736,-1.1206,-0.61369,-0.40472,-1.008
0.37458,-1.0904,-0.61369,-0.44237,-0.98513
0.37458,-1.0742,-0.61369,-0.4376,-0.96885
0.26641,-1.0561,-0.61369,-0.44396,-0.97502
0.26641,-1.0362,-0.61369,-0.44396,-0.95525
0.26641,-1.0362,-0.61369,-0.43548,-0.95525
0.16807,-1.0181,-0.61369,-0.46305,-0.95944
0.12382,-0.97474,-0.61369,-0.46464,-0.92663
0.07957,-0.94582,-0.61369,-0.46305,-0.90824
0.07957,-0.92774,-0.61369,-0.47365,-0.89047
-0.018766,-0.90966,-0.61369,-0.48373,-0.89531
-0.067934,-0.89339,-0.61369,-0.49646,-0.89072
-0.067934,-0.87531,-0.61369,-0.51077,-0.87312
-0.018766,-0.85542,-0.61369,-0.48214,-0.84234
-0.067934,-0.83734,-0.61369,-0.46464,-0.83615
-0.1171,-0.83734,-0.61369,-0.48532,-0.84759
-0.1171,-0.81113,-0.61369,-0.49805,-0.82214
-0.17119,-0.80299,-0.61369,-0.50918,-0.82691
-0.22527,-0.80299,-0.61369,-0.5182,-0.83953
-0.22527,-0.80299,-0.61369,-0.50441,-0.83953
-0.32361,-0.80299,-0.61369,-0.50865,-0.86239
-0.32361,-0.80299,-0.61369,-0.51395,-0.86239
-0.32361,-0.80299,-0.61369,-0.54471,-0.86239
-0.41211,-0.80299,-0.61369,-0.53622,-0.88285
-0.41211,-0.80299,-0.61369,-0.51157,-0.88285
-0.41211,-0.81926,-0.61369,-0.50123,-0.89835
-0.51045,-0.83734,-0.61369,-0.52032,-0.93799
-0.51045,-0.85542,-0.61369,-0.51554,-0.9551
-0.41211,-0.85542,-0.61369,-0.52668,-0.9328
-0.41211,-0.89339,-0.61369,-0.5235,-0.96896
-0.32361,-0.87531,-0.61369,-0.52032,-0.93167
-0.32361,-0.90966,-0.61369,-0.5235,-0.96457
-0.32361,-0.90966,-0.61369,-0.52032,-0.96457
-0.32361,-0.90966,-0.61369,-0.5394,-0.96457
-0.38261,-0.93376,-0.61369,-0.52244,-1.0008
-0.29083,-0.94582,-0.61369,-0.5235,-0.99188
-0.22527,-1.0181,-0.61369,-0.55054,-1.0469
-0.18922,-1.0495,-0.61369,-0.53622,-1.0692
-0.1171,-1.0561,-0.61369,-0.53145,-1.0599
-0.1171,-1.0995,-0.61369,-0.541,-1.102
-0.1171,-1.1085,-0.61369,-0.56008,-1.1107
-0.1171,-1.1085,-0.61369,-0.54577,-1.1107
-0.051545,-1.1266,-0.61369,-0.5394,-1.1142
-0.018766,-1.1555,-0.61369,-0.55213,-1.1353
-0.1171,-1.1646,-0.61369,-0.5569,-1.1651
-0.1171,-1.1808,-0.61369,-0.55054,-1.1809
-0.1171,-1.1808,-0.61369,-0.56486,-1.1809
-0.1171,-1.1989,-0.61369,-0.5394,-1.1984
-0.067934,-1.217,-0.61369,-0.57599,-1.2056
-0.067934,-1.2269,-0.61369,-0.55372,-1.2153
-0.067934,-1.2369,-0.61369,-0.54736,-1.225
-0.1171,-1.217,-0.61369,-0.54736,-1.2159
-0.1171,-1.236,-0.61369,-0.54736,-1.2343
-0.22527,-1.2712,-0.61369,-0.56168,-1.2907
-0.22527,-1.255,-0.61369,-0.55054,-1.275
-0.1171,-1.2631,-0.61369,-0.54736,-1.2606
-0.22527,-1.2672,-0.61369,-0.54736,-1.2868
-0.22527,-1.2712,-0.61369,-0.55107,-1.2907
-0.22527,-1.2712,-0.61369,-0.53304,-1.2907
-0.1171,-1.2712,-0.61369,-0.53781,-1.2685
-0.22527,-1.2712,-0.61369,-0.56168,-1.2907
-0.22527,-1.2893,-0.61369,-0.54577,-1.3081
-0.22527,-1.2712,-0.61369,-0.56486,-1.2907
-0.22527,-1.2712,-0.61369,-0.53781,-1.2907
-0.27444,-1.2712,-0.61369,-0.57599,-1.3007
-0.22527,-1.2803,-0.61369,-0.55743,-1.2994
-0.22527,-1.2712,-0.61369,-0.56061,-1.2907
-0.32361,-1.2631,-0.61369,-0.56008,-1.303
-0.32361,-1.255,-0.61369,-0.5394,-1.2952
-0.32361,-1.2631,-0.61369,-0.5394,-1.303
-0.41211,-1.255,-0.61369,-0.54895,-1.3132
-0.32361,-1.2459,-0.61369,-0.56168,-1.2865
-0.32361,-1.2893,-0.61369,-0.5394,-1.328
-0.36786,-1.2803,-0.61369,-0.56008,-1.3284
-0.32361,-1.2712,-0.61369,-0.54895,-1.3107
-0.22527,-1.2893,-0.61369,-0.55319,-1.3081
-0.32361,-1.2712,-0.61369,-0.54895,-1.3107
-0.41211,-1.2893,-0.61369,-0.54577,-1.3459
-0.41211,-1.2893,-0.61369,-0.55743,-1.3459
-0.41211,-1.2893,-0.61369,-0.55213,-1.3459
-0.32361,-1.3074,-0.61369,-0.53304,-1.3453
-0.32361,-1.3074,-0.61369,-0.54577,-1.3453
-0.36786,-1.2984,-0.61369,-0.53622,-1.3456
-0.41211,-1.2712,1.5377,-0.5235,-1.3287
-0.41211,-1.2369,1.4966,-0.46703,-1.296
-0.29903,-1.1727,1.5069,-0.37503,-1.2113
-0.1171,-1.1732,1.4658,-0.29125,-1.1734
0.26641,-1.0868,1.5377,-0.099568,-1.0056
0.26641,-1.104,1.5377,-0.02878,-1.0226
0.23363,-1.0796,1.6096,-0.025069,-1.0056
0.23363,-1.0796,1.6096,0.069315,-1.0056
0.24183,-1.0782,1.6096,0.12552,-1.0025
0.26641,-0.97221,1.624,0.29159,-0.89163
0.32049,-0.91011,1.6815,0.37924,-0.81728
0.42375,-0.84638,1.6507,0.50491,-0.7291
0.47292,-0.83734,1.7213,0.55104,-0.70824
0.57125,-0.84337,1.6935,0.58259,-0.69067
0.65976,-0.85542,1.6661,0.6547,-0.68158
0.69253,-0.88073,1.7482,0.60698,-0.69952
0.68434,-0.80299,1.7213,0.72602,-0.62211
0.75809,-0.81926,1.7123,0.74591,-0.62069
0.69253,-0.81384,1.7688,0.75333,-0.63118
0.70892,-0.82875,1.7251,0.76897,-0.64243
0.65976,-0.82378,1.8265,0.70057,-0.64933
0.75809,-0.86084,1.8522,0.71648,-0.66334
0.9646,-0.85135,1.9485,0.74272,-0.60314
1.0629,-0.84186,1.8651,0.77693,-0.56899
1.0629,-0.90152,1.8971,0.75704,-0.63137
1.1072,-0.94582,1.8458,0.68652,-0.667
1.0629,-0.92774,1.788,0.6958,-0.65878
1.0629,-0.9657,1.7945,0.60168,-0.69846
1.0138,-0.97474,1.7765,0.58206,-0.71965
1.0629,-0.95079,1.9036,0.59192,-0.68287
1.0629,-0.9657,1.9228,0.60354,-0.69846
1.0629,-0.9657,2.3002,0.63296,-0.69846
1.1514,-0.99192,1.9357,0.62978,-0.70476
1.1219,-0.98921,1.8971,0.61759,-0.70896
1.1072,-0.95079,1.8843,0.66478,-0.67222
1.0629,-1.0362,1.9485,0.48821,-0.77216
1.0629,-1.0227,-0.30433,0.4723,-0.75799
0.89904,-1.0428,-0.31417,0.39913,-0.81735
0.86626,-1.0362,-0.26068,0.35856,-0.81812
0.75809,-1.0561,-0.1965,0.26153,-0.86357
0.65976,-1.1085,1.9485,0.16768,-0.93952
0.65976,-1.1221,1.9036,0.1462,-0.95333
0.86626,-1.1415,1.9549,0.15495,-0.92681
0.86626,-1.1465,2.3285,0.14673,-0.93194
1.0039,-1.161,2.2073,0.12393,-0.91587
1.0629,-1.2034,2.1873,0.088138,-0.94689
1.1514,-1.208,2.2386,0.073822,-0.93177
1.1514,-1.1808,1.9998,0.19869,-0.90328
1.2498,-1.1176,2.0871,0.32834,-0.81406
1.3579,-1.0362,2.2583,0.47654,-0.70228
1.4563,-1.0005,2.272,0.51525,-0.64049
1.5546,-0.94582,2.195,0.6274,-0.55763
1.5546,-0.90559,2.1102,0.70137,-0.51425
1.5546,-0.86536,2.0743,0.81749,-0.47088
1.5546,-0.80299,2.1008,0.91877,-0.40361
1.5546,-0.80254,2.0499,0.94157,-0.40312
1.5546,-0.71666,1.9986,1.0291,-0.31049
1.4563,-0.74694,1.9485,0.9124,-0.36875
1.4563,-0.81926,1.8586,0.8159,-0.44627
1.3907,-0.75297,1.8886,0.88165,-0.39216
1.4563,-0.80841,1.8458,0.81696,-0.43464
1.4317,-0.82423,1.788,0.82226,-0.45785
1.3661,-0.8402,1.8422,0.81155,-0.49149
1.3579,-0.86536,1.7945,0.80954,-0.52035
1.2498,-0.82423,1.7945,0.89066,-0.50382
1.2498,-0.81113,1.7945,0.86044,-0.48995
1.2252,-0.79757,1.7444,0.87953,-0.48182
1.1072,-0.79395,1.7136,0.91134,-0.50777
1.0851,-0.7605,1.7482,0.96702,-0.4783
1.1514,-0.74092,1.7482,1.0025,-0.44085
1.1219,-0.70596,1.6935,1.0736,-0.41169
1.1514,-0.71531,1.6661,1.138,-0.41391
1.1293,-0.69451,1.6661,1.0354,-0.39776
1.1514,-0.7379,1.6314,1.0068,-0.43769
1.0851,-0.75644,1.6353,0.89066,-0.47404
1.0302,-0.78491,1.6096,0.75227,-0.51767
1.0138,-0.81926,1.6096,0.6775,-0.55759
1.0629,-0.84638,1.6096,0.61865,-0.57371
1.0629,-0.87531,1.5737,0.55343,-0.60396
0.86626,-0.92774,-0.61369,0.48184,-0.70613
0.81218,-0.92774,-0.61369,0.41981,-0.71906
0.65976,-0.9651,-0.61369,0.31111,-0.79338
0.47292,-1.0091,-0.61369,0.18438,-0.88124
0.26641,-1.0362,-0.61369,0.031668,-0.95525
0.26641,-1.0742,-0.61369,-0.078093,-0.99299
0.37458,-1.0742,-0.61369,-0.090819,-0.96885
0.26641,-1.0995,-0.61369,-0.14172,-1.0181
0.16807,-1.1085,-0.61369,-0.18944,-1.0487
-0.018766,-1.1646,-0.61369,-0.25944,-1.1442
-0.1171,-1.1646,-0.61369,-0.33579,-1.1651
-0.22527,-1.1646,-0.61369,-0.3692,-1.188
-0.1171,-1.1646,-0.61369,-0.39306,-1.1651
-0.22527,-1.1808,-0.61369,-0.42805,-1.2036
-0.17119,-1.1808,-0.61369,-0.42964,-1.1923
-0.22527,-1.1989,-0.61369,-0.45987,-1.221
-0.22527,-1.1989,-0.61369,-0.47259,-1.221
-0.34574,-1.1854,-0.61369,-0.47259,-1.2332
-0.32361,-1.1808,-0.61369,-0.49168,-1.2242
-0.32361,-1.1808,-0.61369,-0.49486,-1.2242
-0.32361,-1.1808,-0.61369,-0.48532,-1.2242
-0.41211,-1.1989,-0.61369,-0.48214,-1.2599
-0.41211,-1.217,-0.61369,-0.50759,-1.2771
-0.41211,-1.208,-0.61369,-0.50441,-1.2685
-0.41211,-1.208,-0.61369,-0.5235,-1.2685
-0.41211,-1.217,-0.61369,-0.50282,-1.2771
-0.41211,-1.208,-0.61369,-0.51554,-1.2685
-0.41211,-1.2369,-0.61369,-0.52138,-1.296
-0.41211,-1.2369,-0.61369,-0.52827,-1.296
-0.60879,-1.2369,-0.61369,-0.52032,-1.336
-0.51045,-1.217,-0.61369,-0.52668,-1.2972
-0.60879,-1.2369,-0.61369,-0.54259,-1.336
-0.55962,-1.2459,-0.61369,-0.541,-1.3346
-0.60879,-1.2369,-0.61369,-0.53304,-1.336
-0.55962,-1.2369,-0.61369,-0.52509,-1.326
-0.60879,-1.2459,-0.61369,-0.52668,-1.3445
-0.66287,-1.2369,-0.61369,-0.54736,-1.3469
-0.60879,-1.2459,-0.61369,-0.52509,-1.3445
-0.60879,-1.2631,-0.61369,-0.53622,-1.3606
-0.60879,-1.2369,-0.61369,-0.5288,-1.336
-0.71696,-1.255,-0.61369,-0.52668,-1.3747
-0.71696,-1.2369,-0.61369,-0.5394,-1.3578
-0.60879,-1.255,-0.61369,-0.54259,-1.353
-0.60879,-1.2712,-0.61369,-0.53622,-1.3683
-0.60879,-1.2712,-0.61369,-0.53145,-1.3683
-0.60879,-1.2893,-0.61369,-0.52668,-1.3853
-0.60879,-1.2712,-0.61369,-0.52668,-1.3683
-0.63583,-1.2631,-0.61369,-0.55001,-1.366
-0.60879,-1.2658,-0.61369,-0.54153,-1.3632
-0.60879,-1.2712,-0.61369,-0.54259,-1.3683
-0.60879,-1.2712,-0.61369,-0.51926,-1.3683
-0.60879,-1.2803,-0.61369,-0.55531,-1.3768
-0.60879,-1.2712,-0.61369,-0.54815,-1.3683
-0.60879,-1.2712,-0.61369,-0.55001,-1.3683
-0.60879,-1.2712,-0.61369,-0.54259,-1.3683
-0.66287,-1.2712,-0.61369,-0.54895,-1.3791
-0.66287,-1.2712,-0.61369,-0.54895,-1.3791
-0.6809,-1.2712,-0.61369,-0.54471,-1.3827
-0.60879,-1.255,-0.61369,-0.54577,-1.353
-0.71696,-1.255,-0.61369,-0.51713,-1.3747
-0.71696,-1.2459,-0.61369,-0.54259,-1.3662
-0.71696,-1.2369,-0.61369,-0.54789,-1.3578
-0.71696,-1.2369,-0.61369,-0.541,-1.3578
-0.71696,-1.2369,-0.61369,-0.53304,-1.3578
-0.71696,-1.2369,-0.61369,-0.53304,-1.3578
-0.71696,-1.2369,-0.61369,-0.5394,-1.3578
-0.71696,-1.2369,-0.61369,-0.53622,-1.3578
-0.71696,-1.217,-0.61369,-0.52668,-1.3392
-0.71696,-1.208,-0.61369,-0.52668,-1.3308
-0.71696,-1.217,-0.61369,-0.54577,-1.3392
-0.81529,-1.217,-0.61369,-0.54259,-1.3591
-0.81529,-1.217,-0.61369,-0.52032,-1.3591
-0.81529,-1.1989,-0.61369,-0.52986,-1.3423
-0.81529,-1.1869,-0.61369,-0.52907,-1.3311
-0.85954,-1.1808,-0.61369,-0.5341,-1.3345
-0.81529,-1.1808,-0.61369,-0.52032,-1.3255
-0.81529,-1.1646,-0.61369,-0.52986,-1.3104
-0.81529,-1.1646,-0.61369,-0.50441,-1.3104
-0.81529,-1.1646,-0.61369,-0.5235,-1.3104
-0.81529,-1.1646,-0.61369,-0.5235,-1.3104
-0.81529,-1.1646,-0.61369,-0.52668,-1.3104
-0.81529,-1.1646,-0.61369,-0.52032,-1.3104
-0.81529,-1.1646,-0.61369,-0.51077,-1.3104
-0.81529,-1.1646,-0.61369,-0.52032,-1.3104
-0.90379,-1.1465,-0.61369,-0.53304,-1.3118
-0.81529,-1.1465,-0.61369,-0.53304,-1.2936
-0.81529,-1.1465,-0.61369,-0.51395,-1.2936
-0.85954,-1.1555,-0.61369,-0.51077,-1.3111
-0.81529,-1.1646,-0.61369,-0.54418,-1.3104
-0.81529,-1.1646,-0.61369,-0.5235,-1.3104
-0.81529,-1.1646,-0.61369,-0.5235,-1.3104
-0.81529,-1.1808,-0.61369,-0.51713,-1.3255
-0.84479,-1.1646,-0.61369,-0.51501,-1.3164
-0.90379,-1.1465,-0.61369,-0.5235,-1.3118
-0.90379,-1.1465,-0.61369,-0.52244,-1.3118
-0.90379,-1.1465,-0.61369,-0.5235,-1.3118
-0.90379,-1.1465,-0.61369,-0.52191,-1.3118
-0.90379,-1.1646,-0.61369,-0.50441,-1.3284
-0.90379,-1.1808,-0.61369,-0.51395,-1.3434
-0.81529,-1.1808,-0.61369,-0.49168,-1.3255
-0.81529,-1.1808,-0.61369,-0.5288,-1.3255
-0.85954,-1.1646,-0.61369,-0.50123,-1.3194
-0.90379,-1.1465,-0.61369,-0.51926,-1.3118
-0.95296,-1.1555,-0.61369,-0.50123,-1.3301
-0.95296,-1.1555,-0.61369,-0.4885,-1.3301
-0.90379,-1.1465,-0.61369,-0.49805,-1.3118
-0.90379,-1.1465,-0.61369,-0.49805,-1.3118
-0.90379,-1.1465,-0.61369,-0.49805,-1.3118
-0.90379,-1.1266,-0.61369,-0.48532,-1.2934
-1.0021,-1.1266,-0.61369,-0.48055,-1.3136
-1.0021,-1.1266,-0.5418,-0.4938,-1.3136
-0.97755,-1.1266,-0.56234,-0.47259,-1.3085
-0.90379,-1.1266,-0.55207,-0.48956,-1.2934
-0.90379,-1.1266,-0.5187,-0.47339,-1.2934
-0.90379,-1.1266,-0.45451,-0.47418,-1.2934
-0.96935,-1.1266,-0.41686,-0.4938,-1.3068
-1.0267,-1.1176,-0.41472,-0.49725,-1.3103
-0.71696,-1.1415,-0.084821,-0.48771,-1.2688
-0.47767,-1.1754,0.09318,-0.47578,-1.2511
-0.34574,-1.1854,0.16678,-0.48214,-1.2332
-0.22527,-1.217,0.23994,-0.48055,-1.2385
-0.018766,-1.2303,0.39612,-0.4779,-1.2082
0.13857,-1.2429,3.6429,-0.48956,-1.1876
0.33852,-1.255,0.43549,-0.46517,-1.1574
0.5057,-1.2893,0.76753,-0.46411,-1.1564
0.65976,-1.3029,0.7149,-0.46146,-1.1375
0.9646,-1.3273,0.9113,-0.45828,-1.0974
1.217,-1.3677,0.98489,-0.45987,-1.0854
1.3039,-1.3797,1.0358,-0.47259,-1.0795
1.4563,-1.4044,1.1081,-0.45138,-1.073
1.5546,-1.4177,1.1193,-0.46782,-1.066
1.7169,-1.4398,1.0987,-0.48691,-1.0549
1.8496,-1.452,1.1988,-0.48612,-1.0395
1.948,-1.4701,1.2142,-0.48055,-1.0381
1.948,-1.4761,1.2211,-0.47896,-1.0447
2.0684,-1.4701,1.2348,-0.48691,-1.0119
2.1348,-1.4701,1.1295,-0.49168,-0.99739
2.2004,-1.4701,1.1013,-0.48002,-0.98301
2.2331,-1.4701,1.0961,-0.48532,-0.9758
2.2331,-1.4641,1.1167,-0.48638,-0.96903
2.2872,-1.4701,1.0371,-0.4718,-0.96387
2.3143,-1.4882,0.99602,-0.51157,-0.9783
2.361,-1.5149,1.0166,-0.47896,-0.99831
2.4069,-1.5316,0.9113,-0.50229,-1.0071
2.4151,-1.5302,0.88049,-0.49646,-1.0038
2.4396,-1.5605,0.89333,-0.49884,-1.0329
2.4396,-1.5726,0.76368,-0.506,-1.0466
2.4069,-1.5786,0.74699,-0.50017,-1.0605
2.3413,-1.6247,0.35676,-0.52111,-1.1266
2.2331,-1.5935,0.34906,-0.50679,-1.1143
2.1348,-1.5786,0.19245,-0.52907,-1.1184
2.0463,-1.565,0.12185,-0.50918,-1.1221
1.948,-1.547,0.22454,-0.51793,-1.1228
1.8496,-1.5343,0.10003,-0.51713,-1.1297
1.7415,-1.5216,0.017872,-0.5394,-1.1387
1.7169,-1.4701,-0.018071,-0.5235,-1.0879
1.5546,-1.452,-0.074552,-0.52588,-1.103
1.5054,-1.4358,-0.16698,-0.53463,-1.096
1.4071,-1.4077,-0.29021,-0.51873,-1.0871
1.3579,-1.3978,-0.21062,-0.51316,-1.087
1.2498,-1.3797,-0.28302,-0.5235,-1.0911
1.2006,-1.3535,-0.31973,-0.52827,-1.074
1.0629,-1.3273,-0.31588,-0.52429,-1.0762
0.91543,-1.2803,-0.35439,-0.53225,-1.0593
0.86626,-1.2712,-0.42371,-0.53304,-1.0606
0.75809,-1.255,-0.42371,-0.53304,-1.0674
0.65976,-1.2269,-0.44168,-0.54338,-1.0601
0.57125,-1.1808,-0.42627,-0.53781,-1.0326
0.52208,-1.1555,-0.45451,-0.53145,-1.0179
0.47292,-1.1176,-0.49046,-0.5394,-0.99047
0.37458,-1.1085,-0.49046,-0.53622,-1.0032
0.29345,-1.0651,-0.58288,-0.55054,-0.97797
0.24183,-1.0462,-0.54437,-0.54338,-0.97064
0.16807,-1.0227,-0.55977,-0.52986,-0.96391
0.07957,-0.9413,-0.5418,-0.52111,-0.9038
0.07957,-0.90966,-0.61369,-0.541,-0.87271
-0.018766,-0.90152,-0.61369,-0.53145,-0.88736
-0.018766,-0.87531,-0.61369,-0.5394,-0.86176
-0.018766,-0.85542,-0.61369,-0.54577,-0.84234
-0.067934,-0.83734,-0.61369,-0.54577,-0.83615
-0.1171,-0.78491,-0.61369,-0.52986,-0.7967
-0.14415,-0.74242,-0.61369,-0.52191,-0.76189
-0.22527,-0.69451,-0.61369,-0.53728,-0.73494
-0.22527,-0.67463,-0.61369,-0.55531,-0.71576
-0.22527,-0.63847,-0.61369,-0.54259,-0.68088
-0.32361,-0.6222,-0.61369,-0.53304,-0.68913
-0.32361,-0.56615,-0.61369,-0.54895,-0.6354
-0.32361,-0.51372,-0.61369,-0.53463,-0.58514
-0.41211,-0.47576,-0.61369,-0.53622,-0.57095
-0.46128,-0.44141,-0.61369,-0.53304,-0.5506
-0.51045,-0.42333,-0.61369,-0.53304,-0.54583
-0.46128,-0.38536,-0.61369,-0.52986,-0.49731
-0.47767,-0.30702,-0.61369,-0.53728,-0.42708
-0.51045,-0.29496,-0.61369,-0.52668,-0.42416
-0.51045,-0.28592,-0.61369,-0.5394,-0.41559
-0.51045,-0.26875,-0.61369,-0.51395,-0.39931
-0.51045,-0.20457,-0.61369,-0.51395,-0.33845
-0.60879,-0.18649,-0.61369,-0.50759,-0.34745
-0.60879,-0.13225,-0.61369,-0.5394,-0.29633
-0.60879,-0.11417,-0.61369,-0.52827,-0.27929
-0.55962,-0.11417,-0.61369,-0.51873,-0.26602
-0.60879,-0.10815,-0.61369,-0.51289,-0.27361
-0.57601,-0.090669,-0.61369,-0.50759,-0.24825
-0.60879,-0.041855,-0.61369,-0.52986,-0.21112
-0.60879,-0.0056963,-0.61369,-0.51395,-0.17703
-0.71696,0.028654,-0.61369,-0.52668,-0.17463
-0.71696,0.066621,-0.61369,-0.52032,-0.13907
-0.71696,0.0847,-0.61369,-0.52668,-0.12214
-0.71696,0.15702,-0.61369,-0.53304,-0.054407
-0.71696,0.15702,-0.61369,-0.54471,-0.054407
-0.71696,0.19137,-0.61369,-0.52986,-0.022228
-0.71696,0.19137,-0.61369,-0.5394,-0.022228
-0.71696,0.20945,-0.61369,-0.52032,-0.0052913
-0.81529,0.24741,-0.61369,-0.52668,0.0018976
-0.81529,0.29984,-0.61369,-0.51873,0.050717
-0.81529,0.34685,-0.61369,-0.52668,0.094491
-0.81529,0.35589,-0.61369,-0.52032,0.10291
-0.87429,0.4035,-0.61369,-0.53304,0.12975
-0.81529,0.37216,-0.61369,-0.53622,0.11806
-0.81529,0.41917,-0.61369,-0.55054,0.16185
-0.90379,0.48063,-0.61369,-0.52827,0.19247
-0.90379,0.50052,-0.61369,-0.5394,0.2109
-0.90379,0.53668,-0.61369,-0.53781,0.2444
-0.95296,0.54482,-0.61369,-0.52668,0.23701
-1.0021,0.56199,-0.61369,-0.54577,0.23793
-0.95296,0.58097,-0.61369,-0.51873,0.2704
-0.93657,0.565,-0.61369,-0.55213,0.26064
-0.90379,0.59996,-0.61369,-0.53463,0.30303
-0.90379,0.609,-0.61369,-0.53622,0.3114
-0.90379,0.62105,-0.61369,-0.53092,0.32257
-0.95296,0.64335,-0.61369,-0.55372,0.32802
-1.0021,0.66143,-0.61369,-0.55531,0.3295
-1.0021,0.67469,-0.61369,-0.5341,0.34171
-1.1005,0.70843,-0.61369,-0.52986,0.3422
-1.0021,0.69939,-0.61369,-0.52032,0.36447
-1.0021,0.68131,-0.61369,-0.5394,0.34782
-1.0021,0.69035,-0.61369,-0.5235,0.35614
-1.0021,0.73374,-0.61369,-0.52986,0.39611
-1.0021,0.75182,-0.61369,-0.53304,0.41276
-1.0021,0.75845,-0.61369,-0.53781,0.41887
-1.1005,0.77171,-0.61369,-0.53145,0.40012
-1.1005,0.77171,-0.61369,-0.5394,0.40012
-1.1005,0.78979,-0.61369,-0.54047,0.41667
-1.1005,0.80787,-0.61369,-0.541,0.43322
-1.1005,0.78979,-0.61369,-0.54895,0.41667
-1.0349,0.80787,-0.61369,-0.53622,0.45398
-1.1005,0.84222,-0.61369,-0.55213,0.46467
-1.1005,0.86211,-0.61369,-0.53304,0.48288
-1.1546,0.87115,-0.61369,-0.54577,0.47389
-1.2086,0.87115,-0.61369,-0.52509,0.45667
-1.2086,0.88019,-0.61369,-0.52986,0.46489
-1.2086,0.91454,-0.61369,-0.53622,0.49613
-1.2086,0.89826,-0.61369,-0.5394,0.48133
-1.2086,0.93924,-0.61369,-0.53198,0.5186
-1.2086,0.93262,-0.61369,-0.55054,0.51257
-1.307,0.97058,-0.61369,-0.5235,0.51536
-1.2086,0.97058,-0.61369,-0.54895,0.5471
-1.2086,0.97058,-0.61369,-0.5394,0.5471
-1.2086,0.97058,-0.61369,-0.54259,0.5471
-1.2086,0.98866,-0.61369,-0.55213,0.56355
-1.2086,0.98263,-0.61369,-0.52668,0.55807
-1.2086,0.96456,-0.61369,-0.53728,0.54162
-1.2086,0.9525,-0.61369,-0.55054,0.53066
-1.2086,0.9525,-0.61369,-0.52827,0.53066
-1.2086,0.98866,-0.61369,-0.54895,0.56355
-1.2086,0.98866,-0.61369,-0.5394,0.56355
-1.2578,0.98866,-0.61369,-0.55054,0.5476
-1.2086,1.0049,-0.61369,-0.54259,0.57835
-1.2742,1.017,-0.61369,-0.54577,0.56796
-1.307,1.0049,-0.61369,-0.53304,0.54641
-1.2086,0.98866,-0.61369,-0.54895,0.56355
-1.2086,1.0049,-0.61369,-0.55849,0.57835
-1.307,1.0049,-0.61369,-0.53622,0.54641
-1.2086,1.023,-0.61369,-0.53861,0.59479
-1.307,1.061,-0.61369,-0.56168,0.59708
-1.3512,1.061,-0.61369,-0.56486,0.58262
-1.3365,1.0791,-0.61369,-0.54895,0.60375
-1.3955,1.0489,-0.61369,-0.55319,0.55736
-1.3512,1.0519,-0.61369,-0.53304,0.57447
-1.307,1.0519,-0.61369,-0.54895,0.5889
-1.307,1.0429,-0.61369,-0.55849,0.58073
-1.307,1.0429,-0.61369,-0.55637,0.58073
-1.307,1.061,-0.61369,-0.55107,0.59708
-1.3512,1.07,-0.61369,-0.53781,0.59077
-1.3955,1.0791,-0.61369,-0.54577,0.58445
-1.307,1.0791,-0.61369,-0.55213,0.61342
-1.3955,1.0429,-0.61369,-0.5569,0.55194
-1.3955,1.061,-0.61369,-0.56592,0.56819
-1.3955,1.023,-0.61369,-0.55054,0.53407
-1.3955,1.023,-0.61369,-0.55425,0.53407
-1.4283,1.023,-0.61369,-0.57228,0.52348
-1.4446,1.023,-0.61369,-0.55372,0.51819
-1.4938,1.033,-0.61369,-0.54418,0.51124
-1.4938,1.0429,-0.61369,-0.54577,0.52013
-1.4938,1.0049,-0.61369,-0.55849,0.48622
-1.3955,0.98866,-0.61369,-0.55849,0.50319
-1.3955,0.97058,-0.61369,-0.56008,0.48695
-1.307,0.98866,-0.61369,-0.5394,0.5317
-1.307,0.97058,-0.61369,-0.52668,0.51536
-1.307,0.98866,-0.61369,-0.55213,0.5317
-1.3291,0.98414,-0.5418,-0.54418,0.52048
-1.3734,0.97058,-0.5418,-0.55372,0.49404
-1.3734,0.9751,-0.5644,-0.55531,0.4981
-1.3955,0.97058,-0.58288,-0.5569,0.48695
-1.3955,0.9751,-0.5418,-0.53304,0.49101
-1.3734,0.98414,-0.5418,-0.53145,0.50624
-1.3365,0.98866,-0.46478,-0.55955,0.52218
-1.307,0.96154,-0.4481,-0.54497,0.50719
-1.307,0.97058,-0.56234,-0.52986,0.51536
-1.3291,0.9525,-0.5264,-0.56565,0.49193
-1.307,0.93759,-0.4558,-0.54895,0.48554
-1.2578,0.91454,0.15137,-0.55054,0.4804
-1.1365,0.87416,-0.48019,-0.56592,0.48239
-1.2086,0.88019,-0.49046,-0.54577,0.46489
-1.2578,0.87115,-0.54694,-0.55531,0.44106
-1.248,0.87657,-0.49046,-0.57361,0.4491
-1.307,0.88019,-0.49046,-0.57016,0.43367
-1.307,0.86813,-0.49046,-0.5691,0.42278
-1.3512,0.87115,-0.49046,-0.53781,0.41153
-1.3365,0.87416,-0.54694,-0.55107,0.4189
-1.366,0.86211,-0.45451,-0.55955,0.39874
-1.366,0.86813,-0.45451,-0.53728,0.40417
-1.3512,0.87115,-0.51613,-0.56088,0.41153
-1.3955,0.88019,-0.5264,-0.55929,0.40571
-1.4938,0.91454,-0.50073,-0.56168,0.40549
-1.4938,0.93262,-0.49046,-0.55293,0.42163
-1.543,0.96154,-0.47762,-0.55849,0.43185
-1.3955,0.91454,-0.34155,-0.58872,0.43658
-1.2332,0.89375,-0.19522,-0.54338,0.46938
-1.1005,0.84885,1.0153,-0.56565,0.47074
-0.95296,0.79883,-0.26453,-0.58076,0.47169
-0.95296,0.79883,-0.19522,-0.56963,0.47169
-0.71696,0.74278,0.87792,-0.5744,0.4947
-0.41211,0.66143,0.70078,-0.56008,0.51499
-0.1171,0.55898,0.74699,-0.5638,0.51024
0.0058179,0.50052,0.65585,-0.5569,0.49214
0.1017,0.42821,-0.11178,-0.5569,0.4512
0.07957,0.37216,-0.15157,-0.58713,0.38899
0.030402,0.34685,0.42351,-0.57122,0.34887
0.054986,0.20945,0.30798,-0.59826,0.22121
0.07957,0.13894,0.10773,-0.6094,0.1591
0.054986,0.11453,0.07692,-0.5911,0.12782
0.054986,0.10097,0.13212,-0.56406,0.11449
-0.018766,0.07566,-0.12205,-0.58713,0.068137
-0.1171,0.0847,-0.28764,-0.59667,0.04847
-0.1171,0.10097,-0.19778,-0.58819,0.064303
-0.22527,0.090124,-0.33471,-0.5744,0.022522
-0.27444,0.088768,-0.25555,-0.58554,0.0070844
-0.32361,0.0847,-0.28507,-0.59667,-0.010911
-0.41211,0.0847,-0.29277,-0.5919,-0.036151
-0.46128,0.10097,-0.33899,-0.58235,-0.03463
-0.60879,0.10097,-0.38776,-0.58182,-0.076451
-0.60879,0.11453,-0.42371,-0.59031,-0.063664
-0.71696,0.13397,-0.46992,-0.58872,-0.075998
-0.78251,0.14496,-0.41686,-0.59137,-0.084234
-0.90379,0.1751,-0.45451,-0.58076,-0.090459
-0.92838,0.1873,-0.45451,-0.59747,-0.086111
-0.97755,0.19137,-0.50073,-0.60383,-0.096232
-1.0021,0.1751,-0.47762,-0.56804,-0.11813
-1.1005,0.20945,-0.49046,-0.58792,-0.11424
-1.1005,0.22933,-0.49046,-0.60622,-0.096058
-1.1816,0.24289,-0.58288,-0.59031,-0.10657
-1.2086,0.24741,-0.55464,-0.56327,-0.11008
-1.2086,0.24741,-0.5264,-0.5752,-0.11008
-1.2086,0.26549,-0.57775,-0.57281,-0.093661
-1.2086,0.25645,-0.5418,-0.59508,-0.10187
-1.2086,0.26549,-0.5418,-0.59508,-0.093661
-1.2086,0.26549,-0.61369,-0.57122,-0.093661
-1.2086,0.26549,-0.61369,-0.58395,-0.093661
-1.2086,0.26549,-0.61369,-0.56963,-0.093661
-1.2086,0.26549,-0.61369,-0.58713,-0.093661
-1.307,0.29382,-0.61369,-0.58288,-0.095817
-1.307,0.30979,-0.61369,-0.56963,-0.081406
-1.307,0.31973,-0.61369,-0.5744,-0.072433
-1.2578,0.29984,-0.61369,-0.57122,-0.076444
-1.2086,0.29984,-0.61369,-0.5394,-0.06247
-1.2742,0.29984,-0.61369,-0.56168,-0.081093
-1.307,0.32877,-0.61369,-0.5744,-0.064276
-1.3955,0.33781,-0.61369,-0.54259,-0.081298
-1.3955,0.35589,-0.61369,-0.52032,-0.065075
-1.2824,0.33781,-0.61369,-0.54736,-0.049101
-1.2086,0.33781,-0.61369,-0.53781,-0.027993
-1.2086,0.33781,-0.61369,-0.53622,-0.027993
-1.307,0.35589,-0.61369,-0.55531,-0.039802
-1.307,0.35589,-0.61369,-0.54259,-0.039802
-1.2086,0.33781,-0.61369,-0.55531,-0.027993
-1.2086,0.33781,-0.61369,-0.52509,-0.027993
-1.2086,0.33178,-0.61369,-0.52668,-0.033466
-1.2086,0.31973,-0.61369,-0.53781,-0.044411
-1.2086,0.31973,-0.61369,-0.53304,-0.044411
-1.2086,0.29984,-0.61369,-0.5235,-0.06247
-1.2086,0.29984,-0.61369,-0.52668,-0.06247
-1.1546,0.30979,-0.61369,-0.52509,-0.037994
-1.1726,0.3131,-0.61369,-0.51501,-0.040131
-1.2086,0.29984,-0.61369,-0.506,-0.06247
-1.2086,0.29984,-0.61369,-0.48532,-0.06247
-1.1546,0.32877,-0.61369,-0.50123,-0.020696
-1.1005,0.33781,-0.61369,-0.49805,0.0031243
-1.1005,0.33781,-0.61369,-0.49964,0.0031243
-1.1005,0.33781,-0.61369,-0.50282,0.0031243
-1.1005,0.33781,-0.61369,-0.47896,0.0031243
-1.1005,0.33781,-0.61369,-0.51713,0.0031243
-1.1005,0.35589,-0.61369,-0.49486,0.019657
-1.1005,0.35589,-0.61369,-0.48055,0.019657
-1.1005,0.35589,-0.61369,-0.48532,0.019657
-1.1005,0.35589,-0.61369,-0.50547,0.019657
-1.1005,0.35589,-0.61369,-0.51183,0.019657
-1.1005,0.37216,-0.61369,-0.49486,0.034538
-1.1005,0.36402,-0.61369,-0.48532,0.027097
-1.1005,0.37216,-0.61369,-0.48532,0.034538
-1.1005,0.35589,-0.61369,-0.49486,0.019657
-1.1005,0.37216,-0.61369,-0.50759,0.034538
-1.1005,0.33781,-0.61369,-0.49168,0.0031243
-1.1005,0.33781,-0.61369,-0.49486,0.0031243
-1.1005,0.32877,-0.61369,-0.51077,-0.005142
-1.1005,0.28176,-0.61369,-0.49805,-0.048123
-1.1005,0.26549,-0.61369,-0.47365,-0.063
-1.1005,0.26549,-0.61369,-0.48373,-0.063
-1.1005,0.24741,-0.61369,-0.47896,-0.079529
-1.1005,0.24741,-0.61369,-0.46623,-0.079529
-1.1005,0.22933,-0.61369,-0.49327,-0.096058
-1.1005,0.20945,-0.61369,-0.47578,-0.11424
-1.2086,0.19137,-0.61369,-0.45828,-0.16096
-1.2086,0.19137,-0.61369,-0.44396,-0.16096
-1.2086,0.19739,-0.61369,-0.46199,-0.15549
-1.1005,0.22933,-0.61369,-0.45669,-0.096058
-1.2086,0.24741,-0.61369,-0.45987,-0.11008
-1.2086,0.24741,-0.61369,-0.44237,-0.11008
-1.2086,0.26549,-0.61369,-0.46623,-0.093661
-1.1005,0.28176,-0.61369,-0.45351,-0.048123
-1.2086,0.26549,-0.61369,-0.45191,-0.093661
-1.2578,0.26549,-0.61369,-0.45828,-0.10754
-1.2086,0.25947,-0.61369,-0.44078,-0.099133
-1.2086,0.24741,-0.61369,-0.45191,-0.11008
-1.1546,0.22843,-0.61369,-0.43442,-0.11212
-1.2086,0.20945,-0.61369,-0.43283,-0.14455
-1.2086,0.19589,-0.61369,-0.44396,-0.15686
-1.2086,0.1751,-0.61369,-0.44078,-0.17573
-1.2086,0.1751,-0.61369,-0.4376,-0.17573
-1.2086,0.16606,-0.61369,-0.44078,-0.18394
-1.1005,0.1751,-0.61369,-0.42487,-0.14564
-1.2086,0.1751,-0.61369,-0.42805,-0.17573
-1.307,0.19137,-0.61369,-0.4376,-0.18825
-1.2578,0.19137,-0.61369,-0.43124,-0.17462
-1.2086,0.1751,-0.61369,-0.40578,-0.17573
-1.2578,0.1751,-0.61369,-0.43124,-0.18935
-1.2086,0.16606,-0.61369,-0.44714,-0.18394
-1.2578,0.1751,-0.61369,-0.45032,-0.18935
-1.2086,0.1751,-0.61369,-0.42487,-0.17573
-1.307,0.1751,-0.61369,-0.43124,-0.20293
-1.307,0.19137,-0.61369,-0.4376,-0.18825
-1.307,0.20945,-0.61369,-0.4376,-0.17194
-1.307,0.20945,-0.61369,-0.4376,-0.17194
-1.307,0.20945,-0.61369,-0.47259,-0.17194
-1.307,0.20945,-0.61369,-0.44237,-0.17194
-1.307,0.20945,-0.61369,-0.45032,-0.17194
-1.2086,0.19137,-0.61369,-0.44078,-0.16096
-1.2086,0.1751,-0.61369,-0.45032,-0.17573
-1.1005,0.1751,-0.61369,-0.46941,-0.14564
-1.1005,0.1751,-0.61369,-0.46146,-0.14564
-1.1005,0.1751,-0.61369,-0.44714,-0.14564
-1.1005,0.20945,-0.61369,-0.47896,-0.11424
-1.2086,0.18594,-0.61369,-0.46305,-0.16588
-1.2086,0.19137,-0.61369,-0.45775,-0.16096
-1.2086,0.1751,-0.61369,-0.4429,-0.17573
-1.1005,0.13894,-0.61369,-0.44555,-0.17869
-1.2086,0.11905,-0.61369,-0.4779,-0.2266
-1.2086,0.10097,-0.61369,-0.44873,-0.24301
-1.2086,0.10097,-0.61369,-0.45669,-0.24301
-1.307,0.11905,-0.61369,-0.4376,-0.25348
-1.307,0.0847,-0.61369,-0.45032,-0.28446
-1.2578,0.0847,-0.61369,-0.44873,-0.27114
-1.307,0.066621,-0.61369,-0.45669,-0.30077
-1.307,0.066621,-0.61369,-0.4376,-0.30077
-1.2578,0.048541,-0.61369,-0.43919,-0.30385
-1.2086,0.028654,-0.61369,-0.43124,-0.30864
-1.2086,0.048541,-0.61369,-0.45669,-0.29059
-1.2086,0.066621,-0.61369,-0.44714,-0.27419
-1.2086,0.0847,-0.61369,-0.43124,-0.25778
-1.1365,0.11302,-0.61369,-0.44926,-0.21229
-1.1546,0.12899,-0.61369,-0.43919,-0.2027
-1.1005,0.13894,-0.61369,-0.42487,-0.17869
-1.1005,0.15702,-0.61369,-0.43601,-0.16216
-1.1005,0.15702,-0.61369,-0.42805,-0.16216
-1.1005,0.19137,-0.61369,-0.42275,-0.13077
-1.1005,0.22933,-0.61369,-0.43124,-0.096058
-1.0759,0.25193,1.5018,-0.40578,-0.068422
-1.0267,0.33781,1.4658,-0.3342,0.024449
-0.85954,0.41917,1.3837,-0.20853,0.14867
-0.60879,0.67137,1.4658,0.23624,0.46187
-0.38261,0.81872,1.5377,0.5529,0.67517
-0.32361,0.86813,1.6096,0.75439,0.74221
-0.14415,0.93759,1.6096,1.002,0.87003
-0.1171,0.98203,1.6507,1.1574,0.92262
-0.018766,1.0009,1.6353,1.3027,0.97511
0.1017,1.1089,1.6353,1.6049,1.124
0.16807,1.1044,1.6353,1.7099,1.1433
0.26641,1.1803,1.6404,1.9018,1.2545
0.26641,1.2187,1.6468,2.0177,1.2929
0.37458,1.2273,1.7752,2.1887,1.3414
0.37458,1.2499,1.7174,2.2794,1.3642
0.42375,1.2734,1.7174,2.3144,1.4062
0.47292,1.3263,1.7174,2.4281,1.4782
0.5057,1.3304,1.8458,2.4586,1.4948
0.65976,1.3453,1.8586,2.5705,1.5688
0.65976,1.3403,1.8265,2.6301,1.5637
0.75809,1.3774,1.8458,2.6468,1.6397
0.75809,1.3798,1.7688,2.694,1.6422
0.78513,1.4122,1.7957,2.7327,1.6862
0.86626,1.4167,1.788,2.755,1.7227
0.86626,1.4394,1.8458,2.6166,1.7463
0.93182,1.5726,1.7688,2.4178,1.9113
0.89085,1.5808,1.7174,2.6031,1.9032
0.86626,1.5713,1.7713,2.5132,1.8834
0.78513,1.4989,1.788,2.4138,1.776
0.75809,1.4406,2.0255,2.2905,1.705
0.86626,1.4208,1.8971,2.2285,1.7269
0.86626,1.4045,1.8265,2.1473,1.71
0.86626,1.3814,1.7957,2.1028,1.686
0.86626,1.3543,-0.45451,2.0344,1.6578
0.75809,1.3304,-0.54694,1.9318,1.5912
0.65976,1.3195,-0.54694,1.8552,1.5423
0.57125,1.291,-0.54694,1.6725,1.4796
0.57125,1.2861,1.7174,1.5834,1.4745
0.6155,1.3005,1.7945,1.6439,1.506
0.65976,1.3096,1.7688,1.6486,1.5321
0.65976,1.3231,1.7046,1.6622,1.5461
0.75809,1.3814,1.7957,1.7735,1.6439
0.86626,1.5071,1.8971,2.001,1.8166
0.99738,1.7221,1.7773,2.7078,2.0946
1.0924,1.748,1.7688,2.6516,2.1616
1.1514,1.8284,1.8227,2.8314,2.2716
1.2006,1.8827,1.7752,2.9729,2.3503
1.2498,1.96,1.7251,3.1773,2.4539
1.2498,2.0071,1.7482,3.3674,2.5042
1.3039,2.0454,1.6661,3.4629,2.5691
1.2498,2.0481,1.6661,3.5509,2.548
1.3039,2.1141,1.6661,3.7333,2.6426
1.3579,2.1588,1.6468,3.8439,2.7151
1.3309,2.181,1.6661,3.8812,2.7266
1.3219,2.1994,1.6661,3.9454,2.7422
1.3219,2.2343,1.6661,4.009,2.7797
1.3579,2.2717,1.5891,4.1013,2.8364
1.3579,2.303,1.6353,4.2177,2.87
1.4071,2.3568,1.6353,4.2765,2.9509
1.4563,2.3988,1.6353,4.3839,3.0194
1.4563,2.3555,1.6815,4.4438,2.9725
1.4563,2.35,1.6815,4.3749,2.9666
1.4563,2.3568,1.6276,4.3131,2.974
1.4563,2.3675,1.6096,4.4364,2.9855
1.4563,2.3898,1.6096,4.4364,3.0097
1.4563,2.4043,1.6096,4.5223,3.0253
1.4563,2.411,1.6096,4.5136,3.0326
1.53,2.3939,1.0705,4.3903,3.049
1.4809,2.2994,1.6096,4.1978,2.9233
1.4563,2.2343,1.5617,3.9719,2.8415
1.4563,2.2,1.5737,3.8073,2.8043
1.3579,2.1439,-0.61369,3.6554,2.6991
1.2006,2.0996,-0.61369,3.4215,2.581
1.0924,2.0602,-0.61369,3.2529,2.4912
0.99738,2.0252,-0.61369,2.9835,2.4127
0.86626,1.983,-0.61369,2.72,2.3118
0.65976,1.9288,-0.61369,2.5228,2.1678
0.57125,1.8926,-0.61369,2.3191,2.0936
0.37458,1.8727,-0.61369,2.1426,1.9919
0.37458,1.8727,-0.61369,2.0662,1.9919
0.26641,1.8565,-0.61369,1.974,1.9312
0.20085,1.8251,-0.61369,1.8329,1.8733
0.16807,1.8076,-0.61369,1.7152,1.8426
0.07957,1.7823,-0.61369,1.6208,1.7821
0.07957,1.748,-0.61369,1.5126,1.7481
0.07957,1.7281,-0.61369,1.4236,1.7284
-0.018766,1.6919,-0.61369,1.1786,1.654
-0.1171,1.6666,-0.61369,1.072,1.5909
-0.1171,1.6296,-0.61369,0.90339,1.5547
-0.1171,1.6015,-0.61369,0.8334,1.5274
-0.1171,1.5473,-0.61369,0.6616,1.4744
-0.1171,1.4949,-0.61369,0.5232,1.4232
-0.1171,1.4949,-0.61369,0.47866,1.4232
-0.1171,1.4515,-0.61369,0.31005,1.3808
-0.1171,1.4274,-0.61369,0.2199,1.3572
-0.1171,1.4208,-0.61369,0.21884,1.3508
-0.1171,1.4126,-0.61369,0.14461,1.3428
-0.1171,1.4045,-0.61369,0.16211,1.3349
-0.1171,1.3665,-0.61369,0.074617,1.2978
-0.1171,1.3665,-0.61369,0.049166,1.2978
-0.17119,1.3584,-0.61369,-0.039915,1.27
-0.1171,1.3304,-0.61369,-0.059004,1.2625
-0.1171,1.3502,-0.61369,-0.068549,1.2819
-0.1171,1.3304,-0.61369,-0.097182,1.2625
-0.1171,1.3304,-0.61369,-0.14172,1.2625
-0.1171,1.3304,-0.61369,-0.15763,1.2625
-0.1171,1.3141,-0.61369,-0.19263,1.2466
-0.22527,1.3141,-0.61369,-0.21012,1.2072
-0.22527,1.3141,-0.61369,-0.21808,1.2072
-0.22527,1.3141,-0.61369,-0.27534,1.2072
-0.22527,1.296,-0.61369,-0.30398,1.1897
-0.22527,1.296,-0.61369,-0.30398,1.1897
-0.22527,1.296,-0.61369,-0.33261,1.1897
-0.22527,1.3141,-0.61369,-0.32943,1.2072
-0.27444,1.305,-0.61369,-0.39942,1.1806
-0.32361,1.3141,-0.61369,-0.37715,1.1716
-0.32361,1.3141,-0.61369,-0.39465,1.1716
-0.32361,1.3141,-0.61369,-0.41056,1.1716
-0.32361,1.3141,-0.61369,-0.41215,1.1716
-0.32361,1.3141,-0.61369,-0.43442,1.1716
-0.32361,1.305,-0.61369,-0.42169,1.1629
-0.32361,1.305,-0.61369,-0.44078,1.1629
-0.36786,1.305,-0.61369,-0.44873,1.1469
-0.32361,1.296,-0.61369,-0.44714,1.1542
-0.32361,1.3141,-0.61369,-0.45032,1.1716
-0.32361,1.296,-0.61369,-0.44714,1.1542
-0.32361,1.305,-0.61369,-0.46146,1.1629
-0.32361,1.296,-0.61369,-0.45987,1.1542
-0.32361,1.296,-0.61369,-0.46623,1.1542
-0.32361,1.296,-0.61369,-0.47737,1.1542
-0.32361,1.296,-0.61369,-0.45987,1.1542
-0.32361,1.296,-0.61369,-0.45669,1.1542
-0.36786,1.2861,-0.61369,-0.49009,1.1287
-0.32361,1.296,-0.61369,-0.47578,1.1542
-0.32361,1.296,-0.61369,-0.48373,1.1542
-0.32361,1.296,-0.61369,-0.47896,1.1542
-0.35311,1.2894,-0.61369,-0.48744,1.1372
-0.32361,1.296,-0.61369,-0.4885,1.1542
-0.41211,1.296,-0.61369,-0.49168,1.1224
-0.41211,1.296,-0.61369,-0.51395,1.1224
-0.41211,1.296,-0.61369,-0.49805,1.1224
-0.41211,1.296,-0.61369,-0.506,1.1224
-0.41211,1.296,-0.61369,-0.49486,1.1224
-0.41211,1.296,-0.61369,-0.50653,1.1224
-0.51045,1.3141,-0.61369,-0.49964,1.1044
-0.41211,1.3141,-0.61369,-0.50441,1.1397
-0.46128,1.3141,-0.61369,-0.50441,1.122
-0.41211,1.296,-0.61369,-0.51395,1.1224
-0.44489,1.3141,-0.61369,-0.50865,1.1279
-0.46128,1.3141,-0.61369,-0.50282,1.122
-0.51045,1.3141,-0.61369,-0.5235,1.1044
-0.47767,1.3141,-0.61369,-0.50547,1.1162
-0.41211,1.3141,-0.61369,-0.52668,1.1397
-0.41211,1.3141,-0.61369,-0.50441,1.1397
-0.41211,1.3304,-0.61369,-0.49486,1.1553
-0.46128,1.3304,-0.61369,-0.51077,1.1376
-0.41211,1.3304,-0.61369,-0.49805,1.1553
-0.51045,1.3304,-0.61369,-0.51395,1.1199
-0.51045,1.3304,-0.61369,-0.51873,1.1199
-0.51045,1.3502,-0.61369,-0.52668,1.1389
-0.46128,1.3403,-0.61369,-0.4832,1.1471
-0.41211,1.3304,-0.61369,-0.49009,1.1553
-0.41211,1.3304,-0.61369,-0.50123,1.1553
-0.32361,1.3304,-0.61369,-0.50123,1.1873
-0.32361,1.3222,-0.61369,-0.506,1.1794
-0.32361,1.3222,-0.61369,-0.49646,1.1794
-0.32361,1.3141,-0.61369,-0.49805,1.1716
-0.32361,1.3141,-0.61369,-0.51713,1.1716
-0.22527,1.3141,-0.61369,-0.48532,1.2072
-0.32361,1.3222,-0.61369,-0.49964,1.1794
-0.27444,1.3304,-0.61369,-0.4885,1.2051
-0.32361,1.3304,-0.61369,-0.4779,1.1873
-0.32361,1.3502,-0.61369,-0.49911,1.2064
-0.32361,1.3502,-0.61369,-0.47259,1.2064
-0.22527,1.4045,1.5377,-0.38829,1.2949
-0.19823,1.4167,1.4812,-0.34215,1.3167
-0.1171,1.4569,1.4658,-0.31776,1.3861
0.07957,1.5704,1.5377,-0.12025,1.5723
0.21724,1.7109,1.6096,0.096092,1.7659
0.37458,1.8022,1.6096,0.39356,1.9208
0.37458,1.8312,1.6096,0.52426,1.95
